0;6;18;3074;0;50
1;3900;815;0;0;179
2;4039;1749;0;0;179
3;4033;1749;1;0;178
4;4030;1749;1;0;179
5;4027;1749;2;0;178
6;4023;1749;2;0;178
7;4022;1749;3;0;179
8;4020;1749;3;0;179
9;4017;1749;4;0;178
10;4016;1749;4;0;178
11;4014;1749;5;0;179
12;4012;1749;5;0;179
13;4011;1749;6;0;179
14;4010;1749;6;0;179
15;4009;1749;7;0;178
16;4008;1749;7;0;179
17;4006;1749;8;0;179
18;4005;1749;8;0;179
19;4004;1749;8;0;179
20;4003;1749;9;0;179
21;4001;1749;9;0;179
22;4000;1749;10;0;179
23;3999;1749;10;0;178
24;3999;1749;11;0;178
25;3998;1749;11;0;179
26;3997;1749;12;0;179
27;3995;1749;12;0;179
28;3995;1749;13;0;179
29;3994;1749;13;0;179
30;3993;1749;14;0;178
31;3993;1749;14;0;179
32;3992;1749;15;0;179
33;3991;1749;15;0;179
34;3991;1749;16;0;179
35;3989;1749;16;0;180
36;3988;1749;17;0;179
37;3988;1749;17;0;179
38;3987;1749;18;0;179
39;3987;1749;18;0;179
40;3986;1749;19;0;179
41;3986;1749;19;0;179
42;3984;1749;20;0;179
43;3984;1749;20;0;179
44;3983;1749;21;0;179
45;3982;1749;21;0;180
46;3982;1749;22;0;179
47;3982;1749;22;0;179
48;3981;1749;23;0;179
49;3981;1749;23;0;179
50;3980;1749;24;0;179
51;3980;1749;24;0;179
52;3978;1749;25;0;179
53;3978;1749;25;0;180
54;3977;1749;25;0;179
55;3977;1749;26;0;179
56;3976;1749;26;0;179
57;3976;1749;27;0;180
58;3976;1749;27;0;179
59;3975;1749;28;0;179
60;3975;1749;28;0;179
61;3973;1749;29;0;180
62;3973;1749;29;0;180
63;3973;1749;30;0;180
64;3972;1749;30;0;179
65;3972;1749;31;0;180
66;3972;1749;31;0;179
67;3971;1749;32;0;180
68;3971;1749;32;0;180
69;3971;1749;33;0;179
70;3970;1749;33;0;180
71;3970;1749;34;0;179
72;3970;1749;34;0;179
73;3969;1749;35;0;179
74;3969;1749;35;0;179
75;3969;1749;36;0;179
76;3967;1749;36;0;180
77;3967;1749;37;0;179
78;3967;1749;37;0;179
79;3966;1749;38;0;179
80;3966;1749;38;0;179
81;3966;1749;39;0;180
82;3965;1749;39;0;179
83;3965;1749;40;0;179
84;3965;1749;40;0;180
85;3965;1749;41;0;179
86;3964;1749;41;0;179
87;3964;1749;42;0;179
88;3964;1749;42;0;179
89;3964;1749;42;0;180
90;3962;1749;43;0;180
91;3962;1749;43;0;179
92;3962;1749;44;0;179
93;3962;1749;44;0;180
94;3961;1749;45;0;180
95;3961;1749;45;0;180
96;3961;1749;46;0;180
97;3960;1749;46;0;180
98;3960;1749;47;0;180
99;3960;1749;47;0;179
100;3960;1749;48;0;179
101;3959;1749;48;0;179
102;3959;1749;49;0;179
103;3959;1749;49;0;180
104;3959;1749;50;0;180
105;3959;1749;50;0;179
106;3958;1749;51;0;179
107;3958;1749;51;0;180
108;3958;1749;52;0;180
109;3958;1749;52;0;180
110;3958;1749;53;0;179
111;3958;1749;53;0;180
112;3956;1749;54;0;179
113;3956;1749;54;0;179
114;3956;1749;55;0;180
115;3955;1749;55;0;179
116;3955;1749;56;0;179
117;3955;1749;56;0;180
118;3955;1749;57;0;179
119;3955;1749;57;0;180
120;3955;1749;58;0;179
121;3954;1749;58;0;180
122;3954;1749;59;0;180
123;3954;1749;59;0;180
124;3954;1749;60;0;180
125;3954;1749;60;0;180
126;3953;1749;60;0;179
127;3953;1749;61;0;180
128;3953;1749;61;0;179
129;3953;1749;62;0;180
130;3953;1749;62;0;180
131;3953;1749;63;0;179
132;3951;1749;63;0;180
133;3951;1749;64;0;180
134;3951;1749;64;0;180
135;3951;1749;65;0;180
136;3950;1749;65;0;180
137;3950;1749;66;0;180
138;3950;1749;66;0;180
139;3950;1749;67;0;179
140;3950;1749;67;0;180
141;3950;1749;68;0;180
142;3950;1749;68;0;179
143;3950;1749;69;0;180
144;3949;1749;69;0;180
145;3949;1749;70;0;180
146;3949;1749;70;0;180
147;3949;1749;71;0;179
148;3949;1749;71;0;180
149;3949;1749;72;0;179
150;3948;1749;72;0;180
151;3948;1749;73;0;180
152;3948;1749;73;0;180
153;3948;1749;74;0;180
154;3948;1749;74;0;180
155;3948;1749;75;0;180
156;3947;1749;75;0;179
157;3948;1749;76;0;179
158;3947;1749;76;0;180
159;3947;1749;77;0;180
160;3947;1749;77;0;180
161;3947;1749;78;0;180
162;3947;1749;78;0;180
163;3947;1749;78;0;180
164;3947;1749;79;0;179
165;3945;1749;79;0;180
166;3945;1749;80;0;179
167;3945;1749;80;0;180
168;3945;1749;81;0;180
169;3945;1749;81;0;180
170;3945;1749;82;0;180
171;3944;1749;82;0;180
172;3944;1749;83;0;179
173;3944;1749;83;0;180
174;3944;1749;84;0;180
175;3944;1749;84;0;180
176;3944;1749;85;0;180
177;3944;1749;85;0;180
178;3943;1749;86;0;180
179;3943;1749;86;0;180
180;3943;1749;87;0;180
181;3943;1749;87;0;179
182;3943;1749;88;0;180
183;3943;1749;88;0;180
184;3943;1749;89;0;180
185;3943;1749;89;0;179
186;3942;1749;90;0;179
187;3942;1749;90;0;180
188;3942;1749;91;0;180
189;3942;1749;91;0;180
190;3942;1749;92;0;180
191;3942;1749;92;0;180
192;3942;1749;93;0;180
193;3942;1749;93;0;180
194;3942;1749;94;0;180
195;3942;1749;94;0;180
196;3940;1749;95;0;180
197;3940;1749;95;0;180
198;3942;1749;96;0;180
199;3940;1749;96;0;180
200;3940;1749;96;0;180
201;3940;1749;97;0;180
202;3940;1749;97;0;180
203;3939;1749;98;0;180
204;3939;1749;98;0;180
205;3939;1749;99;0;180
206;3939;1749;99;0;180
207;3939;1749;100;0;180
208;3939;1749;100;0;180
209;3939;1749;101;0;180
210;3939;1749;101;0;179
211;3938;1749;102;0;180
212;3938;1749;102;0;180
213;3938;1749;103;0;181
214;3938;1749;103;0;180
215;3939;1749;104;0;180
216;3938;1749;104;0;180
217;3938;1749;105;0;180
218;3938;1749;105;0;180
219;3938;1749;106;0;180
220;3938;1749;106;0;180
221;3937;1749;107;0;180
222;3938;1749;107;0;180
223;3938;1749;108;0;180
224;3937;1749;108;0;181
225;3937;1749;109;0;180
226;3936;1749;109;0;180
227;3937;1749;110;0;180
228;3937;1749;110;0;180
229;3936;1749;111;0;180
230;3937;1749;111;0;180
231;3936;1749;112;0;180
232;3936;1749;112;0;180
233;3936;1749;113;0;180
234;3936;1749;113;0;179
235;3936;1749;113;0;180
236;3936;1749;114;0;179
237;3936;1749;114;0;180
238;3936;1749;115;0;180
239;3936;1749;115;0;180
240;3936;1749;116;0;180
241;3936;1749;116;0;180
242;3934;1749;117;0;180
243;3934;1749;117;0;180
244;3934;1749;118;0;180
245;3934;1749;118;0;179
246;3934;1749;119;0;180
247;3934;1749;119;0;181
248;3934;1749;120;0;180
249;3934;1749;120;0;180
250;3934;1749;121;0;180
251;3933;1749;121;0;181
252;3933;1749;122;0;180
253;3933;1749;122;0;180
254;3933;1749;123;0;180
255;3933;1749;123;0;180
256;3933;1749;124;0;181
257;3933;1749;124;0;180
258;3932;1749;125;0;180
259;3932;1749;125;0;180
260;3932;1749;126;0;180
261;3932;1749;126;0;180
262;3932;1749;127;0;180
263;3933;1749;127;0;180
264;3932;1749;128;0;180
265;3932;1749;128;0;180
266;3932;1749;129;0;180
267;3932;1749;129;0;181
268;3931;1749;130;0;180
269;3932;1749;130;0;180
270;3932;1749;131;0;180
271;3932;1749;131;0;180
272;3931;1749;131;0;180
273;3931;1749;132;0;180
274;3931;1749;132;0;180
275;3931;1749;133;0;180
276;3931;1749;133;0;180
277;3931;1749;134;0;180
278;3931;1749;134;0;180
279;3931;1749;135;0;180
280;3931;1749;135;0;181
281;3931;1749;136;0;180
282;3929;1749;136;0;180
283;3929;1749;137;0;180
284;3929;1749;137;0;180
285;3929;1749;138;0;180
286;3929;1749;138;0;180
287;3929;1749;139;0;180
288;3929;1749;139;0;180
289;3929;1749;140;0;180
290;3929;1749;140;0;180
291;3929;1749;141;0;180
292;3928;1749;141;0;180
293;3929;1749;142;0;180
294;3928;1749;142;0;179
295;3929;1749;143;0;180
296;3928;1749;143;0;180
297;3928;1749;144;0;180
298;3928;1749;144;0;180
299;3929;1749;145;0;180
300;3928;1749;145;0;180
301;3927;1749;146;0;181
302;3928;1749;146;0;180
303;3928;1749;146;0;180
304;3928;1749;147;0;180
305;3927;1749;147;0;180
306;3928;1749;148;0;180
307;3927;1749;148;0;180
308;3927;1749;149;0;180
309;3927;1749;149;0;181
310;3927;1749;150;0;180
311;3927;1749;150;0;180
312;3927;1749;151;0;180
313;3927;1749;151;0;180
314;3927;1749;152;0;180
315;3927;1749;152;0;180
316;3927;1749;153;0;180
317;3926;1749;153;0;180
318;3926;1749;154;0;180
319;3926;1749;154;0;180
320;3925;1749;155;0;180
321;3927;1749;155;0;180
322;3926;1749;156;0;180
323;3926;1749;156;0;180
324;3926;1749;157;0;180
325;3926;1749;157;0;180
326;3926;1749;158;0;181
327;3926;1749;158;0;180
328;3926;1749;159;0;180
329;3925;1749;159;0;180
330;3925;1749;160;0;180
331;3925;1749;160;0;180
332;3925;1749;161;0;180
333;3925;1749;161;0;180
334;3923;1749;162;0;180
335;3923;1749;162;0;180
336;3923;1749;162;0;180
337;3925;1749;163;0;180
338;3925;1749;163;0;180
339;3925;1749;164;0;180
340;3923;1749;164;0;181
341;3925;1749;165;0;180
342;3925;1749;165;0;180
343;3923;1749;166;0;180
344;3923;1749;166;0;180
345;3923;1749;167;0;181
346;3923;1749;167;0;180
347;3925;1749;168;0;180
348;3922;1749;168;0;180
349;3923;1749;169;0;180
350;3922;1749;169;0;181
351;3923;1749;170;0;180
352;3922;1749;170;0;180
353;3922;1749;171;0;180
354;3922;1749;171;0;180
355;3922;1749;172;0;180
356;3922;1749;172;0;180
357;3922;1749;173;0;181
358;3922;1749;173;0;180
359;3922;1749;174;0;180
360;3923;1749;174;0;180
361;3922;1749;175;0;180
362;3921;1749;175;0;180
363;3921;1749;176;0;180
364;3921;1749;176;0;181
365;3921;1749;177;0;180
366;3921;1749;177;0;180
367;3921;1749;177;0;181
368;3921;1749;178;0;180
369;3920;1749;178;0;180
370;3920;1749;179;0;181
371;3920;1749;179;0;181
372;3921;1749;180;0;180
373;3920;1749;180;0;180
374;3921;1749;181;0;180
375;3921;1749;181;0;179
376;3921;1749;182;0;180
377;3920;1749;182;0;180
378;3920;1749;183;0;180
379;3920;1749;183;0;181
380;3920;1749;184;0;181
381;3920;1749;184;0;181
382;3920;1749;185;0;180
383;3918;1749;185;0;181
384;3918;1749;186;0;180
385;3918;1749;186;0;180
386;3918;1749;187;0;181
387;3918;1749;187;0;181
388;3918;1749;188;0;180
389;3918;1749;188;0;180
390;3918;1749;189;0;180
391;3918;1749;189;0;180
392;3917;1749;190;0;181
393;3918;1749;190;0;180
394;3918;1749;191;0;180
395;3917;1749;191;0;180
396;3918;1749;192;0;180
397;3918;1749;192;0;180
398;3917;1749;193;0;180
399;3917;1749;193;0;181
400;3917;1749;193;0;180
401;3917;1749;194;0;180
402;3917;1749;194;0;180
403;3916;1749;195;0;180
404;3917;1749;195;0;180
405;3917;1749;196;0;180
406;3917;1749;196;0;181
407;3917;1749;197;0;181
408;3917;1749;197;0;180
409;3917;1749;198;0;181
410;3916;1749;198;0;180
411;3916;1749;199;0;180
412;3916;1749;199;0;180
413;3916;1749;200;0;180
414;3916;1749;200;0;181
415;3916;1749;201;0;181
416;3916;1749;201;0;180
417;3915;1749;202;0;180
418;3916;1749;202;0;181
419;3916;1749;203;0;180
420;3916;1749;203;0;180
421;3916;1749;204;0;181
422;3916;1749;204;0;180
423;3915;1749;205;0;180
424;3915;1749;205;0;180
425;3915;1749;206;0;180
426;3915;1749;206;0;181
427;3915;1749;207;0;180
428;3915;1749;207;0;181
429;3914;1749;208;0;181
430;3915;1749;208;0;181
431;3914;1749;208;0;180
432;3915;1749;209;0;180
433;3915;1749;209;0;181
434;3914;1749;210;0;180
435;3915;1749;210;0;181
436;3914;1749;211;0;180
437;3914;1749;211;0;180
438;3914;1749;212;0;181
439;3914;1749;212;0;180
440;3912;1749;213;0;180
441;3912;1749;213;0;180
442;3912;1749;214;0;180
443;3914;1749;214;0;181
444;3912;1749;215;0;180
445;3912;1749;215;0;180
446;3912;1749;216;0;180
447;3912;1749;216;0;181
448;3912;1749;217;0;181
449;3911;1749;217;0;181
450;3911;1749;218;0;181
451;3911;1749;218;0;180
452;3912;1749;219;0;180
453;3911;1749;219;0;181
454;3911;1749;220;0;180
455;3911;1749;220;0;181
456;3911;1749;221;0;180
457;3911;1749;221;0;181
458;3911;1749;222;0;180
459;3911;1749;222;0;180
460;3910;1749;223;0;181
461;3911;1749;223;0;180
462;3911;1749;224;0;180
463;3911;1749;224;0;180
464;3910;1749;224;0;180
465;3910;1749;225;0;180
466;3910;1749;225;0;180
467;3910;1749;226;0;180
468;3910;1749;226;0;181
469;3911;1749;227;0;180
470;3910;1749;227;0;181
471;3910;1749;228;0;180
472;3910;1749;228;0;180
473;3910;1749;229;0;180
474;3910;1749;229;0;180
475;3910;1749;230;0;180
476;3910;1749;230;0;181
477;3909;1749;231;0;180
478;3909;1749;231;0;181
479;3909;1749;232;0;181
480;3909;1749;232;0;180
481;3909;1749;233;0;181
482;3909;1749;233;0;180
483;3910;1749;234;0;180
484;3908;1749;234;0;181
485;3908;1749;235;0;181
486;3909;1749;235;0;180
487;3908;1749;236;0;180
488;3908;1749;236;0;181
489;3906;1749;237;0;181
490;3908;1749;237;0;181
491;3908;1749;238;0;180
492;3908;1749;238;0;181
493;3906;1749;239;0;181
494;3908;1749;239;0;180
495;3908;1749;239;0;180
496;3906;1749;240;0;181
497;3908;1749;240;0;180
498;3906;1749;241;0;181
499;3906;1749;241;0;181
500;3908;1749;242;0;181
501;3906;1749;242;0;180
502;3905;1749;243;0;181
503;3905;1749;243;0;181
504;3904;1749;244;0;181
505;3905;1749;244;0;180
506;3905;1749;245;0;181
507;3904;1749;245;0;181
508;3905;1749;246;0;180
509;3904;1749;246;0;181
510;3905;1749;247;0;180
511;3904;1749;247;0;181
512;3904;1749;248;0;181
513;3905;1749;248;0;181
514;3904;1749;249;0;180
515;3904;1749;249;0;181
516;3904;1749;250;0;181
517;3904;1749;250;0;181
518;3904;1749;251;0;181
519;3904;1749;251;0;181
520;3904;1749;252;0;180
521;3904;1749;252;0;181
522;3903;1749;253;0;180
523;3903;1749;253;0;181
524;3903;1749;254;0;180
525;3904;1749;254;0;181
526;3903;1749;255;0;180
527;3903;1749;255;0;181
528;3903;1749;255;0;181
529;3904;1749;256;0;180
530;3903;1749;256;0;180
531;3903;1749;257;0;180
532;3901;1749;257;0;180
533;3901;1749;258;0;181
534;3901;1749;258;0;180
535;3901;1749;259;0;180
536;3901;1749;259;0;180
537;3900;1749;260;0;181
538;3901;1749;260;0;181
539;3901;1749;261;0;181
540;3901;1749;261;0;181
541;3900;1749;262;0;181
542;3900;1749;262;0;181
543;3901;1749;263;0;181
544;3900;1749;263;0;181
545;3900;1749;264;0;181
546;3900;1749;264;0;181
547;3900;1749;265;0;181
548;3899;1749;265;0;180
549;3899;1749;266;0;180
550;3899;1749;266;0;180
551;3899;1749;267;0;181
552;3899;1749;267;0;181
553;3899;1749;268;0;181
554;3899;1749;268;0;181
555;3899;1749;269;0;181
556;3899;1749;269;0;181
557;3898;1749;270;0;181
558;3898;1749;270;0;181
559;3898;1749;270;0;181
560;3898;1749;271;0;181
561;3898;1749;271;0;180
562;3898;1749;272;0;180
563;3898;1749;272;0;180
564;3898;1749;273;0;181
565;3897;1749;273;0;180
566;3897;1749;274;0;180
567;3897;1749;274;0;181
568;3897;1749;275;0;181
569;3897;1749;275;0;181
570;3897;1749;276;0;180
571;3897;1749;276;0;181
572;3895;1749;277;0;180
573;3897;1749;277;0;181
574;3897;1749;278;0;181
575;3897;1749;278;0;181
576;3897;1749;279;0;181
577;3897;1749;279;0;181
578;3897;1749;280;0;181
579;3895;1749;280;0;180
580;3895;1749;281;0;180
581;3895;1749;281;0;180
582;3895;1749;282;0;181
583;3895;1749;282;0;181
584;3895;1749;283;0;181
585;3894;1749;283;0;181
586;3894;1749;284;0;181
587;3894;1749;284;0;181
588;3894;1749;285;0;181
589;3894;1749;285;0;181
590;3894;1749;286;0;181
591;3894;1749;286;0;181
592;3893;1749;286;0;181
593;3894;1749;287;0;180
594;3893;1749;287;0;181
595;3894;1749;288;0;181
596;3893;1749;288;0;181
597;3894;1749;289;0;180
598;3893;1749;289;0;181
599;3893;1749;290;0;181
600;3893;1749;290;0;180
601;3893;1749;291;0;181
602;3893;1749;291;0;180
603;3893;1749;292;0;181
604;3893;1749;292;0;180
605;3892;1749;293;0;180
606;3892;1749;293;0;181
607;3892;1749;294;0;181
608;3892;1749;294;0;181
609;3892;1749;295;0;181
610;3892;1749;295;0;181
611;3892;1749;296;0;181
612;3892;1749;296;0;180
613;3892;1749;297;0;180
614;3892;1749;297;0;180
615;3892;1749;298;0;181
616;3890;1749;298;0;181
617;3890;1749;299;0;180
618;3890;1749;299;0;180
619;3890;1749;300;0;180
620;3890;1749;300;0;181
621;3890;1749;301;0;181
622;3890;1749;301;0;181
623;3890;1749;301;0;181
624;3889;1749;302;0;181
625;3889;1749;302;0;180
626;3889;1749;303;0;180
627;3889;1749;303;0;181
628;3889;1749;304;0;181
629;3889;1749;304;0;180
630;3889;1749;305;0;181
631;3889;1749;305;0;181
632;3889;1749;306;0;181
633;3889;1749;306;0;181
634;3888;1749;307;0;181
635;3888;1749;307;0;181
636;3888;1749;308;0;180
637;3888;1749;308;0;180
638;3888;1749;309;0;181
639;3888;1749;309;0;181
640;3888;1749;310;0;181
641;3888;1749;310;0;180
642;3888;1749;311;0;181
643;3887;1749;311;0;181
644;3887;1749;312;0;181
645;3887;1749;312;0;181
646;3887;1749;313;0;181
647;3887;1749;313;0;181
648;3887;1749;314;0;181
649;3887;1749;314;0;181
650;3887;1749;315;0;180
651;3886;1749;315;0;181
652;3887;1749;316;0;181
653;3886;1749;316;0;181
654;3886;1749;317;0;181
655;3886;1749;317;0;180
656;3886;1749;317;0;181
657;3886;1749;318;0;181
658;3886;1749;318;0;181
659;3886;1749;319;0;181
660;3886;1749;319;0;181
661;3886;1749;320;0;181
662;3886;1749;320;0;181
663;3884;1749;321;0;180
664;3884;1749;321;0;181
665;3884;1749;322;0;181
666;3884;1749;322;0;181
667;3884;1749;323;0;181
668;3884;1749;323;0;181
669;3884;1749;324;0;181
670;3884;1749;324;0;181
671;3884;1749;325;0;181
672;3883;1749;325;0;182
673;3883;1749;326;0;180
674;3883;1749;326;0;181
675;3883;1749;327;0;181
676;3883;1749;327;0;181
677;3883;1749;328;0;181
678;3883;1749;328;0;181
679;3883;1749;329;0;181
680;3883;1749;329;0;181
681;3883;1749;330;0;181
682;3882;1749;330;0;181
683;3882;1749;331;0;180
684;3882;1749;331;0;181
685;3882;1749;332;0;181
686;3882;1749;332;0;180
687;3882;1749;332;0;181
688;3882;1749;333;0;181
689;3882;1749;333;0;181
690;3882;1749;334;0;181
691;3881;1749;334;0;181
692;3882;1749;335;0;181
693;3881;1749;335;0;180
694;3881;1749;336;0;181
695;3881;1749;336;0;181
696;3881;1749;337;0;181
697;3881;1749;337;0;181
698;3881;1749;338;0;181
699;3881;1749;338;0;181
700;3881;1749;339;0;181
701;3881;1749;339;0;180
702;3879;1749;340;0;181
703;3879;1749;340;0;181
704;3879;1749;341;0;181
705;3879;1749;341;0;181
706;3879;1749;342;0;181
707;3879;1749;342;0;181
708;3879;1749;343;0;181
709;3878;1749;343;0;181
710;3878;1749;344;0;181
711;3878;1749;344;0;181
712;3878;1749;345;0;180
713;3878;1749;345;0;181
714;3878;1749;346;0;181
715;3878;1749;346;0;181
716;3878;1749;347;0;181
717;3878;1749;347;0;181
718;3877;1749;348;0;181
719;3878;1749;348;0;181
720;3877;1749;348;0;181
721;3877;1749;349;0;181
722;3877;1749;349;0;181
723;3877;1749;350;0;181
724;3877;1749;350;0;181
725;3877;1749;351;0;181
726;3877;1749;351;0;181
727;3877;1749;352;0;181
728;3876;1749;352;0;181
729;3877;1749;353;0;181
730;3876;1749;353;0;181
731;3876;1749;354;0;182
732;3876;1749;354;0;181
733;3876;1749;355;0;181
734;3876;1749;355;0;181
735;3876;1749;356;0;181
736;3876;1749;356;0;181
737;3876;1749;357;0;181
738;3875;1749;357;0;181
739;3875;1749;358;0;181
740;3875;1749;358;0;181
741;3875;1749;359;0;182
742;3875;1749;359;0;181
743;3875;1749;360;0;182
744;3875;1749;360;0;181
745;3873;1749;361;0;182
746;3873;1749;361;0;181
747;3873;1749;362;0;181
748;3873;1749;362;0;181
749;3873;1749;363;0;180
750;3873;1749;363;0;182
751;3873;1749;363;0;181
752;3873;1749;364;0;181
753;3873;1749;364;0;181
754;3872;1749;365;0;181
755;3872;1749;365;0;181
756;3872;1749;366;0;181
757;3872;1749;366;0;181
758;3872;1749;367;0;181
759;3872;1749;367;0;182
760;3872;1749;368;0;181
761;3872;1749;368;0;181
762;3871;1749;369;0;181
763;3871;1749;369;0;182
764;3871;1749;370;0;181
765;3871;1749;370;0;181
766;3871;1749;371;0;181
767;3871;1749;371;0;182
768;3871;1749;372;0;181
769;3871;1749;372;0;181
770;3871;1749;373;0;181
771;3870;1749;373;0;181
772;3870;1749;374;0;181
773;3870;1749;374;0;181
774;3870;1749;375;0;180
775;3870;1749;375;0;181
776;3870;1749;376;0;181
777;3870;1749;376;0;181
778;3870;1749;377;0;182
779;3870;1749;377;0;182
780;3868;1749;378;0;181
781;3868;1749;378;0;181
782;3868;1749;379;0;181
783;3868;1749;379;0;181
784;3868;1749;379;0;181
785;3868;1749;380;0;181
786;3868;1749;380;0;181
787;3867;1749;381;0;181
788;3867;1749;381;0;181
789;3867;1749;382;0;181
790;3867;1749;382;0;181
791;3867;1749;383;0;182
792;3867;1749;383;0;181
793;3867;1749;384;0;181
794;3867;1749;384;0;181
795;3867;1749;385;0;181
796;3866;1749;385;0;182
797;3866;1749;386;0;181
798;3866;1749;386;0;181
799;3866;1749;387;0;181
800;3866;1749;387;0;181
801;3866;1749;388;0;182
802;3866;1749;388;0;181
803;3865;1749;389;0;181
804;3865;1749;389;0;181
805;3865;1749;390;0;182
806;3865;1749;390;0;181
807;3865;1749;391;0;181
808;3865;1749;391;0;181
809;3865;1749;392;0;181
810;3865;1749;392;0;181
811;3865;1749;393;0;181
812;3865;1749;393;0;181
813;3865;1749;394;0;181
814;3864;1749;394;0;181
815;3864;1749;394;0;181
816;3864;1749;395;0;181
817;3864;1749;395;0;182
818;3864;1749;396;0;181
819;3864;1749;396;0;181
820;3864;1749;397;0;181
821;3864;1749;397;0;181
822;3862;1749;398;0;181
823;3862;1749;398;0;181
824;3862;1749;399;0;182
825;3862;1749;399;0;181
826;3862;1749;400;0;181
827;3862;1749;400;0;181
828;3862;1749;401;0;182
829;3862;1749;401;0;181
830;3861;1749;402;0;182
831;3861;1749;402;0;182
832;3861;1749;403;0;181
833;3861;1749;403;0;181
834;3861;1749;404;0;181
835;3861;1749;404;0;182
836;3861;1749;405;0;181
837;3861;1749;405;0;181
838;3860;1749;406;0;181
839;3860;1749;406;0;182
840;3860;1749;407;0;181
841;3860;1749;407;0;182
842;3860;1749;408;0;182
843;3860;1749;408;0;181
844;3860;1749;409;0;182
845;3859;1749;409;0;181
846;3859;1749;410;0;182
847;3859;1749;410;0;181
848;3859;1749;410;0;181
849;3859;1749;411;0;181
850;3859;1749;411;0;181
851;3859;1749;412;0;182
852;3859;1749;412;0;182
853;3857;1749;413;0;182
854;3857;1749;413;0;181
855;3857;1749;414;0;181
856;3857;1749;414;0;181
857;3857;1749;415;0;181
858;3857;1749;415;0;181
859;3857;1749;416;0;181
860;3857;1749;416;0;181
861;3857;1749;417;0;181
862;3856;1749;417;0;182
863;3856;1749;418;0;181
864;3856;1749;418;0;182
865;3856;1749;419;0;182
866;3856;1749;419;0;182
867;3856;1749;420;0;181
868;3856;1749;420;0;182
869;3855;1749;421;0;181
870;3855;1749;421;0;181
871;3855;1749;422;0;181
872;3855;1749;422;0;181
873;3855;1749;423;0;181
874;3855;1749;423;0;181
875;3855;1749;424;0;182
876;3855;1749;424;0;182
877;3854;1749;425;0;181
878;3854;1749;425;0;182
879;3854;1749;425;0;181
880;3854;1749;426;0;181
881;3854;1749;426;0;181
882;3854;1749;427;0;182
883;3854;1749;427;0;181
884;3854;1749;428;0;182
885;3853;1749;428;0;182
886;3853;1749;429;0;182
887;3853;1749;429;0;181
888;3853;1749;430;0;182
889;3853;1749;430;0;182
890;3853;1749;431;0;182
891;3853;1749;431;0;181
892;3851;1749;432;0;181
893;3851;1749;432;0;181
894;3851;1749;433;0;182
895;3851;1749;433;0;181
896;3851;1749;434;0;182
897;3851;1749;434;0;181
898;3851;1749;435;0;181
899;3851;1749;435;0;182
900;3851;1749;436;0;181
901;3850;1749;436;0;181
902;3850;1749;437;0;182
903;3850;1749;437;0;182
904;3850;1749;438;0;182
905;3850;1749;438;0;181
906;3850;1749;439;0;181
907;3850;1749;439;0;182
908;3850;1749;440;0;182
909;3849;1749;440;0;182
910;3849;1749;441;0;182
911;3849;1749;441;0;181
912;3849;1749;441;0;181
913;3849;1749;442;0;182
914;3849;1749;442;0;182
915;3849;1749;443;0;182
916;3848;1749;443;0;182
917;3848;1749;444;0;181
918;3848;1749;444;0;181
919;3848;1749;445;0;182
920;3848;1749;445;0;182
921;3848;1749;446;0;181
922;3846;1749;446;0;181
923;3846;1749;447;0;181
924;3846;1749;447;0;182
925;3846;1749;448;0;181
926;3846;1749;448;0;182
927;3846;1749;449;0;182
928;3846;1749;449;0;182
929;3846;1749;450;0;181
930;3846;1749;450;0;181
931;3845;1749;451;0;182
932;3845;1749;451;0;181
933;3845;1749;452;0;182
934;3845;1749;452;0;182
935;3845;1749;453;0;182
936;3845;1749;453;0;182
937;3845;1749;454;0;181
938;3844;1749;454;0;182
939;3845;1749;455;0;182
940;3844;1749;455;0;182
941;3844;1749;456;0;182
942;3844;1749;456;0;182
943;3844;1749;456;0;181
944;3844;1749;457;0;182
945;3844;1749;457;0;182
946;3844;1749;458;0;182
947;3843;1749;458;0;182
948;3843;1749;459;0;182
949;3843;1749;459;0;182
950;3843;1749;460;0;181
951;3843;1749;460;0;182
952;3843;1749;461;0;181
953;3842;1749;461;0;181
954;3842;1749;462;0;181
955;3842;1749;462;0;182
956;3842;1749;463;0;182
957;3842;1749;463;0;181
958;3842;1749;464;0;182
959;3842;1749;464;0;182
960;3842;1749;465;0;182
961;3840;1749;465;0;181
962;3840;1749;466;0;181
963;3840;1749;466;0;182
964;3840;1749;467;0;182
965;3840;1749;467;0;181
966;3840;1749;468;0;182
967;3840;1749;468;0;182
968;3839;1749;469;0;182
969;3839;1749;469;0;181
970;3839;1749;470;0;181
971;3839;1749;470;0;182
972;3839;1749;471;0;181
973;3839;1749;471;0;182
974;3839;1749;472;0;182
975;3839;1749;472;0;182
976;3839;1749;472;0;182
977;3838;1749;473;0;182
978;3838;1749;473;0;181
979;3838;1749;474;0;182
980;3838;1749;474;0;182
981;3838;1749;475;0;182
982;3838;1749;475;0;182
983;3838;1749;476;0;182
984;3837;1749;476;0;182
985;3837;1749;477;0;182
986;3837;1749;477;0;182
987;3837;1749;478;0;181
988;3837;1749;478;0;181
989;3837;1749;479;0;181
990;3835;1749;479;0;182
991;3837;1749;480;0;182
992;3835;1749;480;0;182
993;3835;1749;481;0;181
994;3835;1749;481;0;182
995;3835;1749;482;0;182
996;3835;1749;482;0;182
997;3835;1749;483;0;182
998;3835;1749;483;0;182
999;3834;1749;484;0;182
1000;3834;1749;484;0;182
1001;3834;1749;485;0;182
1002;3834;1749;485;0;181
1003;3834;1749;486;0;182
1004;3834;1749;486;0;182
1005;3834;1749;487;0;181
1006;3833;1749;487;0;182
1007;3833;1749;487;0;181
1008;3833;1749;488;0;182
1009;3833;1749;488;0;182
1010;3833;1749;489;0;182
1011;3833;1749;489;0;182
1012;3833;1749;490;0;182
1013;3833;1749;490;0;182
1014;3832;1749;491;0;181
1015;3832;1749;491;0;181
1016;3832;1749;492;0;182
1017;3832;1749;492;0;182
1018;3832;1749;493;0;181
1019;3832;1749;493;0;182
1020;3832;1749;494;0;182
1021;3831;1749;494;0;182
1022;3831;1749;495;0;182
1023;3831;1749;495;0;182
1024;3831;1749;496;0;182
1025;3831;1749;496;0;182
1026;3831;1749;497;0;182
1027;3831;1749;497;0;182
1028;3831;1749;498;0;181
1029;3829;1749;498;0;182
1030;3829;1749;499;0;182
1031;3829;1749;499;0;182
1032;3829;1749;500;0;182
1033;3829;1749;500;0;182
1034;3829;1749;501;0;182
1035;3829;1749;501;0;181
1036;3828;1749;502;0;182
1037;3828;1749;502;0;182
1038;3828;1749;503;0;182
1039;3828;1749;503;0;182
1040;3828;1749;503;0;182
1041;3828;1749;504;0;182
1042;3828;1749;504;0;181
1043;3827;1749;505;0;181
1044;3827;1749;505;0;182
1045;3827;1749;506;0;182
1046;3827;1749;506;0;182
1047;3827;1749;507;0;182
1048;3827;1749;507;0;182
1049;3827;1749;508;0;182
1050;3826;1749;508;0;183
1051;3826;1749;509;0;182
1052;3826;1749;509;0;182
1053;3826;1749;510;0;182
1054;3826;1749;510;0;182
1055;3826;1749;511;0;182
1056;3826;1749;511;0;182
1057;3826;1749;512;0;183
1058;3824;1749;512;0;182
1059;3824;1749;513;0;182
1060;3824;1749;513;0;182
1061;3824;1749;514;0;182
1062;3824;1749;514;0;182
1063;3824;1749;515;0;182
1064;3824;1749;515;0;182
1065;3823;1749;516;0;181
1066;3823;1749;516;0;182
1067;3823;1749;517;0;182
1068;3823;1749;517;0;182
1069;3823;1749;518;0;182
1070;3823;1749;518;0;182
1071;3823;1749;519;0;183
1072;3822;1749;519;0;182
1073;3823;1749;519;0;182
1074;3822;1749;520;0;182
1075;3822;1749;520;0;182
1076;3822;1749;521;0;182
1077;3822;1749;521;0;182
1078;3822;1749;522;0;182
1079;3822;1749;522;0;182
1080;3821;1749;523;0;182
1081;3821;1749;523;0;182
1082;3821;1749;524;0;182
1083;3821;1749;524;0;182
1084;3821;1749;525;0;182
1085;3821;1749;525;0;182
1086;3821;1749;526;0;182
1087;3821;1749;526;0;182
1088;3820;1749;527;0;182
1089;3820;1749;527;0;182
1090;3820;1749;528;0;182
1091;3820;1749;528;0;182
1092;3820;1749;529;0;182
1093;3820;1749;529;0;182
1094;3820;1749;530;0;182
1095;3820;1749;530;0;182
1096;3818;1749;531;0;182
1097;3818;1749;531;0;182
1098;3818;1749;532;0;182
1099;3818;1749;532;0;181
1100;3818;1749;533;0;182
1101;3818;1749;533;0;182
1102;3817;1749;534;0;182
1103;3817;1749;534;0;183
1104;3817;1749;534;0;182
1105;3817;1749;535;0;181
1106;3817;1749;535;0;182
1107;3817;1749;536;0;182
1108;3817;1749;536;0;183
1109;3816;1749;537;0;182
1110;3816;1749;537;0;182
1111;3816;1749;538;0;182
1112;3816;1749;538;0;182
1113;3816;1749;539;0;182
1114;3816;1749;539;0;182
1115;3816;1749;540;0;182
1116;3816;1749;540;0;182
1117;3815;1749;541;0;182
1118;3815;1749;541;0;183
1119;3815;1749;542;0;182
1120;3815;1749;542;0;182
1121;3815;1749;543;0;183
1122;3815;1749;543;0;182
1123;3815;1749;544;0;182
1124;3815;1749;544;0;182
1125;3814;1749;545;0;182
1126;3814;1749;545;0;182
1127;3814;1749;546;0;182
1128;3814;1749;546;0;182
1129;3814;1749;547;0;182
1130;3814;1749;547;0;182
1131;3812;1749;548;0;182
1132;3812;1749;548;0;183
1133;3812;1749;549;0;182
1134;3812;1749;549;0;181
1135;3812;1749;550;0;182
1136;3812;1749;550;0;183
1137;3812;1749;550;0;182
1138;3812;1749;551;0;182
1139;3811;1749;551;0;182
1140;3811;1749;552;0;182
1141;3811;1749;552;0;182
1142;3811;1749;553;0;182
1143;3811;1749;553;0;182
1144;3811;1749;554;0;183
1145;3810;1749;554;0;182
1146;3810;1749;555;0;182
1147;3810;1749;555;0;182
1148;3810;1749;556;0;183
1149;3810;1749;556;0;182
1150;3810;1749;557;0;183
1151;3810;1749;557;0;182
1152;3810;1749;558;0;182
1153;3809;1749;558;0;182
1154;3809;1749;559;0;182
1155;3809;1749;559;0;182
1156;3809;1749;560;0;182
1157;3809;1749;560;0;182
1158;3809;1749;561;0;182
1159;3809;1749;561;0;183
1160;3809;1749;562;0;183
1161;3809;1749;562;0;182
1162;3807;1749;563;0;182
1163;3807;1749;563;0;183
1164;3807;1749;564;0;183
1165;3807;1749;564;0;182
1166;3807;1749;565;0;182
1167;3807;1749;565;0;183
1168;3806;1749;565;0;183
1169;3806;1749;566;0;183
1170;3806;1749;566;0;182
1171;3806;1749;567;0;183
1172;3806;1749;567;0;183
1173;3806;1749;568;0;183
1174;3806;1749;568;0;183
1175;3806;1749;569;0;182
1176;3805;1749;569;0;182
1177;3805;1749;570;0;182
1178;3805;1749;570;0;182
1179;3805;1749;571;0;183
1180;3805;1749;571;0;182
1181;3805;1749;572;0;182
1182;3804;1749;572;0;183
1183;3804;1749;573;0;183
1184;3804;1749;573;0;183
1185;3804;1749;574;0;182
1186;3804;1749;574;0;182
1187;3804;1749;575;0;182
1188;3804;1749;575;0;182
1189;3804;1749;576;0;183
1190;3804;1749;576;0;182
1191;3803;1749;577;0;183
1192;3803;1749;577;0;182
1193;3803;1749;578;0;183
1194;3803;1749;578;0;183
1195;3803;1749;579;0;182
1196;3803;1749;579;0;182
1197;3803;1749;580;0;183
1198;3801;1749;580;0;183
1199;3801;1749;581;0;182
1200;3801;1749;581;0;183
1201;3801;1749;581;0;182
1202;3801;1749;582;0;183
1203;3801;1749;582;0;182
1204;3801;1749;583;0;183
1205;3800;1749;583;0;182
1206;3800;1749;584;0;182
1207;3800;1749;584;0;183
1208;3800;1749;585;0;183
1209;3800;1749;585;0;183
1210;3800;1749;586;0;182
1211;3800;1749;586;0;182
1212;3799;1749;587;0;182
1213;3799;1749;587;0;183
1214;3799;1749;588;0;182
1215;3799;1749;588;0;183
1216;3799;1749;589;0;183
1217;3799;1749;589;0;182
1218;3799;1749;590;0;182
1219;3799;1749;590;0;183
1220;3798;1749;591;0;183
1221;3798;1749;591;0;182
1222;3798;1749;592;0;183
1223;3798;1749;592;0;183
1224;3798;1749;593;0;183
1225;3798;1749;593;0;183
1226;3798;1749;594;0;182
1227;3798;1749;594;0;182
1228;3796;1749;595;0;183
1229;3796;1749;595;0;182
1230;3796;1749;596;0;182
1231;3796;1749;596;0;182
1232;3796;1749;596;0;183
1233;3796;1749;597;0;183
1234;3796;1749;597;0;183
1235;3795;1749;598;0;182
1236;3795;1749;598;0;183
1237;3795;1749;599;0;183
1238;3795;1749;599;0;183
1239;3795;1749;600;0;182
1240;3795;1749;600;0;183
1241;3795;1749;601;0;182
1242;3794;1749;601;0;183
1243;3794;1749;602;0;182
1244;3794;1749;602;0;182
1245;3794;1749;603;0;183
1246;3794;1749;603;0;182
1247;3794;1749;604;0;183
1248;3794;1749;604;0;183
1249;3794;1749;605;0;182
1250;3793;1749;605;0;182
1251;3793;1749;606;0;182
1252;3793;1749;606;0;182
1253;3793;1749;607;0;182
1254;3793;1749;607;0;183
1255;3793;1749;608;0;183
1256;3793;1749;608;0;182
1257;3793;1749;609;0;183
1258;3792;1749;609;0;182
1259;3792;1749;610;0;183
1260;3792;1749;610;0;183
1261;3792;1749;611;0;183
1262;3792;1749;611;0;182
1263;3792;1749;612;0;182
1264;3790;1749;612;0;182
1265;3792;1749;612;0;183
1266;3790;1749;613;0;183
1267;3790;1749;613;0;183
1268;3790;1749;614;0;182
1269;3790;1749;614;0;183
1270;3790;1749;615;0;183
1271;3790;1749;615;0;183
1272;3790;1749;616;0;183
1273;3789;1749;616;0;183
1274;3789;1749;617;0;182
1275;3789;1749;617;0;183
1276;3789;1749;618;0;182
1277;3789;1749;618;0;183
1278;3789;1749;619;0;183
1279;3789;1749;619;0;182
1280;3788;1749;620;0;183
1281;3788;1749;620;0;183
1282;3788;1749;621;0;182
1283;3788;1749;621;0;182
1284;3788;1749;622;0;183
1285;3788;1749;622;0;183
1286;3788;1749;623;0;183
1287;3788;1749;623;0;183
1288;3787;1749;624;0;183
1289;3787;1749;624;0;183
1290;3787;1749;625;0;183
1291;3787;1749;625;0;182
1292;3787;1749;626;0;183
1293;3787;1749;626;0;182
1294;3787;1749;627;0;183
1295;3787;1749;627;0;182
1296;3785;1749;627;0;183
1297;3785;1749;628;0;182
1298;3785;1749;628;0;183
1299;3785;1749;629;0;183
1300;3785;1749;629;0;182
1301;3785;1749;630;0;183
1302;3785;1749;630;0;182
1303;3784;1749;631;0;182
1304;3784;1749;631;0;183
1305;3784;1749;632;0;182
1306;3784;1749;632;0;183
1307;3784;1749;633;0;182
1308;3784;1749;633;0;183
1309;3784;1749;634;0;183
1310;3784;1749;634;0;182
1311;3784;1749;635;0;182
1312;3784;1749;635;0;183
1313;3783;1749;636;0;183
1314;3783;1749;636;0;183
1315;3783;1749;637;0;183
1316;3783;1749;637;0;182
1317;3783;1749;638;0;182
1318;3783;1749;638;0;183
1319;3782;1749;639;0;182
1320;3782;1749;639;0;183
1321;3782;1749;640;0;183
1322;3782;1749;640;0;183
1323;3782;1749;641;0;182
1324;3782;1749;641;0;183
1325;3782;1749;642;0;183
1326;3782;1749;642;0;182
1327;3781;1749;643;0;184
1328;3781;1749;643;0;182
1329;3781;1749;643;0;183
1330;3781;1749;644;0;183
1331;3781;1749;644;0;183
1332;3781;1749;645;0;183
1333;3781;1749;645;0;183
1334;3781;1749;646;0;183
1335;3779;1749;646;0;183
1336;3779;1749;647;0;182
1337;3779;1749;647;0;183
1338;3779;1749;648;0;183
1339;3779;1749;648;0;183
1340;3779;1749;649;0;183
1341;3779;1749;649;0;183
1342;3779;1749;650;0;183
1343;3778;1749;650;0;183
1344;3778;1749;651;0;183
1345;3778;1749;651;0;183
1346;3778;1749;652;0;183
1347;3778;1749;652;0;183
1348;3778;1749;653;0;183
1349;3778;1749;653;0;182
1350;3778;1749;654;0;183
1351;3777;1749;654;0;183
1352;3777;1749;655;0;183
1353;3777;1749;655;0;183
1354;3777;1749;656;0;183
1355;3777;1749;656;0;183
1356;3777;1749;657;0;183
1357;3777;1749;657;0;183
1358;3776;1749;658;0;183
1359;3777;1749;658;0;183
1360;3776;1749;658;0;183
1361;3776;1749;659;0;183
1362;3776;1749;659;0;183
1363;3776;1749;660;0;183
1364;3776;1749;660;0;183
1365;3776;1749;661;0;183
1366;3776;1749;661;0;183
1367;3774;1749;662;0;184
1368;3774;1749;662;0;183
1369;3774;1749;663;0;184
1370;3774;1749;663;0;183
1371;3774;1749;664;0;183
1372;3774;1749;664;0;183
1373;3774;1749;665;0;183
1374;3774;1749;665;0;183
1375;3773;1749;666;0;183
1376;3773;1749;666;0;183
1377;3773;1749;667;0;182
1378;3773;1749;667;0;183
1379;3773;1749;668;0;183
1380;3773;1749;668;0;183
1381;3773;1749;669;0;183
1382;3773;1749;669;0;183
1383;3772;1749;670;0;183
1384;3772;1749;670;0;183
1385;3772;1749;671;0;183
1386;3772;1749;671;0;183
1387;3772;1749;672;0;183
1388;3772;1749;672;0;183
1389;3772;1749;673;0;183
1390;3772;1749;673;0;182
1391;3772;1749;674;0;183
1392;3771;1749;674;0;183
1393;3771;1749;674;0;182
1394;3771;1749;675;0;183
1395;3771;1749;675;0;183
1396;3771;1749;676;0;183
1397;3771;1749;676;0;183
1398;3771;1749;677;0;183
1399;3771;1749;677;0;183
1400;3770;1749;678;0;183
1401;3770;1749;678;0;183
1402;3770;1749;679;0;183
1403;3770;1749;679;0;183
1404;3770;1749;680;0;183
1405;3770;1749;680;0;183
1406;3770;1749;681;0;183
1407;3770;1749;681;0;183
1408;3768;1749;682;0;183
1409;3768;1749;682;0;183
1410;3768;1749;683;0;183
1411;3768;1749;683;0;183
1412;3768;1749;684;0;183
1413;3768;1749;684;0;183
1414;3768;1749;685;0;183
1415;3768;1749;685;0;183
1416;3767;1749;686;0;183
1417;3767;1749;686;0;184
1418;3767;1749;687;0;183
1419;3767;1749;687;0;183
1420;3767;1749;688;0;183
1421;3767;1749;688;0;182
1422;3767;1749;689;0;182
1423;3767;1749;689;0;183
1424;3767;1749;689;0;183
1425;3766;1749;690;0;183
1426;3766;1749;690;0;183
1427;3766;1749;691;0;183
1428;3766;1749;691;0;183
1429;3766;1749;692;0;183
1430;3766;1749;692;0;183
1431;3766;1749;693;0;183
1432;3766;1749;693;0;183
1433;3765;1749;694;0;183
1434;3765;1749;694;0;184
1435;3765;1749;695;0;183
1436;3765;1749;695;0;183
1437;3765;1749;696;0;183
1438;3765;1749;696;0;184
1439;3765;1749;697;0;183
1440;3765;1749;697;0;183
1441;3765;1749;698;0;183
1442;3763;1749;698;0;183
1443;3763;1749;699;0;183
1444;3763;1749;699;0;184
1445;3763;1749;700;0;183
1446;3763;1749;700;0;183
1447;3763;1749;701;0;183
1448;3763;1749;701;0;183
1449;3763;1749;702;0;183
1450;3762;1749;702;0;183
1451;3762;1749;703;0;183
1452;3762;1749;703;0;183
1453;3762;1749;704;0;183
1454;3762;1749;704;0;183
1455;3762;1749;705;0;183
1456;3762;1749;705;0;184
1457;3762;1749;705;0;183
1458;3762;1749;706;0;183
1459;3761;1749;706;0;183
1460;3761;1749;707;0;183
1461;3761;1749;707;0;184
1462;3761;1749;708;0;183
1463;3761;1749;708;0;183
1464;3761;1749;709;0;183
1465;3761;1749;709;0;184
1466;3761;1749;710;0;184
1467;3760;1749;710;0;183
1468;3760;1749;711;0;183
1469;3760;1749;711;0;183
1470;3760;1749;712;0;183
1471;3760;1749;712;0;184
1472;3760;1749;713;0;184
1473;3760;1749;713;0;184
1474;3760;1749;714;0;183
1475;3759;1749;714;0;183
1476;3759;1749;715;0;183
1477;3759;1749;715;0;183
1478;3759;1749;716;0;184
1479;3759;1749;716;0;183
1480;3759;1749;717;0;183
1481;3759;1749;717;0;183
1482;3759;1749;718;0;183
1483;3759;1749;718;0;183
1484;3759;1749;719;0;183
1485;3759;1749;719;0;184
1486;3757;1749;720;0;183
1487;3757;1749;720;0;183
1488;3757;1749;720;0;184
1489;3757;1749;721;0;183
1490;3757;1749;721;0;183
1491;3757;1749;722;0;183
1492;3757;1749;722;0;184
1493;3756;1749;723;0;183
1494;3756;1749;723;0;184
1495;3756;1749;724;0;184
1496;3756;1749;724;0;183
1497;3756;1749;725;0;183
1498;3756;1749;725;0;184
1499;3756;1749;726;0;184
1500;3756;1749;726;0;184
1501;3756;1749;727;0;184
1502;3756;1749;727;0;184
1503;3755;1749;728;0;183
1504;3755;1749;728;0;184
1505;3755;1749;729;0;183
1506;3755;1749;729;0;184
1507;3755;1749;730;0;184
1508;3755;1749;730;0;184
1509;3755;1749;731;0;183
1510;3755;1749;731;0;184
1511;3754;1749;732;0;184
1512;3754;1749;732;0;183
1513;3754;1749;733;0;183
1514;3754;1749;733;0;183
1515;3754;1749;734;0;183
1516;3754;1749;734;0;183
1517;3754;1749;735;0;184
1518;3754;1749;735;0;183
1519;3754;1749;736;0;183
1520;3752;1749;736;0;183
1521;3752;1749;736;0;183
1522;3752;1749;737;0;184
1523;3752;1749;737;0;183
1524;3752;1749;738;0;183
1525;3752;1749;738;0;184
1526;3752;1749;739;0;183
1527;3752;1749;739;0;183
1528;3752;1749;740;0;183
1529;3752;1749;740;0;183
1530;3751;1749;741;0;184
1531;3751;1749;741;0;184
1532;3751;1749;742;0;183
1533;3751;1749;742;0;184
1534;3751;1749;743;0;183
1535;3751;1749;743;0;183
1536;3751;1749;744;0;184
1537;3750;1749;744;0;183
1538;3750;1749;745;0;184
1539;3750;1749;745;0;183
1540;3750;1749;746;0;183
1541;3750;1749;746;0;184
1542;3750;1749;747;0;183
1543;3750;1749;747;0;184
1544;3750;1749;748;0;183
1545;3750;1749;748;0;183
1546;3749;1749;749;0;183
1547;3749;1749;749;0;183
1548;3749;1749;750;0;183
1549;3749;1749;750;0;184
1550;3749;1749;751;0;183
1551;3749;1749;751;0;184
1552;3749;1749;751;0;184
1553;3749;1749;752;0;183
1554;3749;1749;752;0;183
1555;3749;1749;753;0;183
1556;3748;1749;753;0;183
1557;3748;1749;754;0;183
1558;3748;1749;754;0;183
1559;3748;1749;755;0;184
1560;3748;1749;755;0;183
1561;3748;1749;756;0;184
1562;3748;1749;756;0;183
1563;3748;1749;757;0;183
1564;3748;1749;757;0;183
1565;3748;1749;758;0;183
1566;3746;1749;758;0;184
1567;3746;1749;759;0;184
1568;3746;1749;759;0;184
1569;3746;1749;760;0;184
1570;3746;1749;760;0;183
1571;3746;1749;761;0;184
1572;3746;1749;761;0;184
1573;3745;1749;762;0;183
1574;3745;1749;762;0;183
1575;3745;1749;763;0;184
1576;3745;1749;763;0;184
1577;3745;1749;764;0;184
1578;3745;1749;764;0;183
1579;3745;1749;765;0;184
1580;3745;1749;765;0;184
1581;3745;1749;766;0;183
1582;3745;1749;766;0;183
1583;3745;1749;767;0;183
1584;3744;1749;767;0;183
1585;3744;1749;767;0;184
1586;3744;1749;768;0;184
1587;3744;1749;768;0;183
1588;3744;1749;769;0;184
1589;3744;1749;769;0;183
1590;3744;1749;770;0;184
1591;3744;1749;770;0;183
1592;3744;1749;771;0;183
1593;3743;1749;771;0;184
1594;3743;1749;772;0;183
1595;3743;1749;772;0;183
1596;3743;1749;773;0;183
1597;3743;1749;773;0;183
1598;3743;1749;774;0;184
1599;3743;1749;774;0;183
1600;3743;1749;775;0;183
1601;3743;1749;775;0;184
1602;3741;1749;776;0;184
1603;3741;1749;776;0;183
1604;3741;1749;777;0;184
1605;3741;1749;777;0;183
1606;3741;1749;778;0;184
1607;3741;1749;778;0;184
1608;3741;1749;779;0;184
1609;3741;1749;779;0;183
1610;3741;1749;780;0;183
1611;3740;1749;780;0;184
1612;3740;1749;781;0;183
1613;3740;1749;781;0;184
1614;3740;1749;782;0;183
1615;3740;1749;782;0;183
1616;3740;1749;782;0;183
1617;3740;1749;783;0;183
1618;3740;1749;783;0;183
1619;3740;1749;784;0;183
1620;3740;1749;784;0;183
1621;3740;1749;785;0;184
1622;3739;1749;785;0;184
1623;3740;1749;786;0;184
1624;3739;1749;786;0;183
1625;3739;1749;787;0;184
1626;3739;1749;787;0;184
1627;3739;1749;788;0;183
1628;3739;1749;788;0;184
1629;3739;1749;789;0;184
1630;3739;1749;789;0;183
1631;3738;1749;790;0;184
1632;3738;1749;790;0;183
1633;3738;1749;791;0;183
1634;3738;1749;791;0;184
1635;3738;1749;792;0;183
1636;3738;1749;792;0;184
1637;3738;1749;793;0;184
1638;3738;1749;793;0;184
1639;3738;1749;794;0;184
1640;3737;1749;794;0;184
1641;3737;1749;795;0;184
1642;3737;1749;795;0;183
1643;3737;1749;796;0;183
1644;3737;1749;796;0;184
1645;3737;1749;797;0;183
1646;3737;1749;797;0;184
1647;3737;1749;798;0;184
1648;3737;1749;798;0;184
1649;3737;1749;798;0;185
1650;3737;1749;799;0;184
1651;3735;1749;799;0;184
1652;3735;1749;800;0;183
1653;3735;1749;800;0;184
1654;3735;1749;801;0;184
1655;3735;1749;801;0;183
1656;3735;1749;802;0;184
1657;3735;1749;802;0;184
1658;3735;1749;803;0;184
1659;3735;1749;803;0;184
1660;3734;1749;804;0;183
1661;3734;1749;804;0;184
1662;3734;1749;805;0;184
1663;3734;1749;805;0;184
1664;3734;1749;806;0;183
1665;3734;1749;806;0;183
1666;3734;1749;807;0;184
1667;3734;1749;807;0;184
1668;3734;1749;808;0;185
1669;3734;1749;808;0;184
1670;3734;1749;809;0;184
1671;3733;1749;809;0;183
1672;3733;1749;810;0;183
1673;3733;1749;810;0;184
1674;3733;1749;811;0;184
1675;3733;1749;811;0;184
1676;3733;1749;812;0;185
1677;3733;1749;812;0;183
1678;3733;1749;813;0;184
1679;3733;1749;813;0;184
1680;3732;1749;813;0;184
1681;3732;1749;814;0;184
1682;3732;1749;814;0;184
1683;3732;1749;815;0;183
1684;3732;1749;815;0;183
1685;3732;1749;816;0;184
1686;3732;1749;816;0;184
1687;3732;1749;817;0;184
1688;3732;1749;817;0;184
1689;3732;1749;818;0;184
1690;3731;1749;818;0;184
1691;3731;1749;819;0;184
1692;3731;1749;819;0;184
1693;3731;1749;820;0;183
1694;3731;1749;820;0;183
1695;3731;1749;821;0;184
1696;3731;1749;821;0;184
1697;3731;1749;822;0;184
1698;3731;1749;822;0;184
1699;3731;1749;823;0;184
1700;3731;1749;823;0;184
1701;3729;1749;824;0;184
1702;3729;1749;824;0;184
1703;3729;1749;825;0;184
1704;3729;1749;825;0;184
1705;3729;1749;826;0;184
1706;3729;1749;826;0;184
1707;3729;1749;827;0;184
1708;3729;1749;827;0;183
1709;3729;1749;828;0;183
1710;3729;1749;828;0;184
1711;3728;1749;829;0;184
1712;3728;1749;829;0;184
1713;3728;1749;829;0;184
1714;3728;1749;830;0;184
1715;3728;1749;830;0;184
1716;3728;1749;831;0;184
1717;3728;1749;831;0;184
1718;3728;1749;832;0;184
1719;3728;1749;832;0;184
1720;3728;1749;833;0;183
1721;3727;1749;833;0;184
1722;3727;1749;834;0;184
1723;3727;1749;834;0;184
1724;3727;1749;835;0;184
1725;3727;1749;835;0;184
1726;3727;1749;836;0;184
1727;3727;1749;836;0;184
1728;3727;1749;837;0;184
1729;3727;1749;837;0;184
1730;3727;1749;838;0;184
1731;3727;1749;838;0;184
1732;3726;1749;839;0;184
1733;3726;1749;839;0;183
1734;3726;1749;840;0;184
1735;3726;1749;840;0;184
1736;3726;1749;841;0;184
1737;3726;1749;841;0;184
1738;3726;1749;842;0;184
1739;3726;1749;842;0;184
1740;3726;1749;843;0;184
1741;3726;1749;843;0;184
1742;3726;1749;844;0;184
1743;3724;1749;844;0;184
1744;3724;1749;844;0;184
1745;3724;1749;845;0;184
1746;3724;1749;845;0;183
1747;3724;1749;846;0;183
1748;3724;1749;846;0;184
1749;3724;1749;847;0;184
1750;3724;1749;847;0;184
1751;3724;1749;848;0;184
1752;3724;1749;848;0;184
1753;3723;1749;849;0;184
1754;3723;1749;849;0;184
1755;3723;1749;850;0;184
1756;3723;1749;850;0;184
1757;3723;1749;851;0;184
1758;3723;1749;851;0;184
1759;3723;1749;852;0;185
1760;3723;1749;852;0;184
1761;3723;1749;853;0;183
1762;3723;1749;853;0;184
1763;3723;1749;854;0;184
1764;3722;1749;854;0;184
1765;3722;1749;855;0;184
1766;3722;1749;855;0;184
1767;3722;1749;856;0;184
1768;3722;1749;856;0;184
1769;3722;1749;857;0;184
1770;3722;1749;857;0;184
1771;3722;1749;858;0;184
1772;3722;1749;858;0;184
1773;3722;1749;859;0;184
1774;3721;1749;859;0;184
1775;3721;1749;860;0;184
1776;3721;1749;860;0;184
1777;3721;1749;860;0;184
1778;3721;1749;861;0;184
1779;3721;1749;861;0;184
1780;3721;1749;862;0;184
1781;3721;1749;862;0;184
1782;3721;1749;863;0;184
1783;3721;1749;863;0;184
1784;3720;1749;864;0;184
1785;3720;1749;864;0;184
1786;3720;1749;865;0;184
1787;3720;1749;865;0;184
1788;3720;1749;866;0;184
1789;3720;1749;866;0;184
1790;3720;1749;867;0;185
1791;3720;1749;867;0;184
1792;3720;1749;868;0;184
1793;3720;1749;868;0;184
1794;3720;1749;869;0;183
1795;3720;1749;869;0;184
1796;3718;1749;870;0;184
1797;3718;1749;870;0;185
1798;3718;1749;871;0;184
1799;3718;1749;871;0;184
1800;3718;1749;872;0;184
1801;3718;1749;872;0;184
1802;3718;1749;873;0;184
1803;3718;1749;873;0;185
1804;3718;1749;874;0;184
1805;3718;1749;874;0;183
1806;3718;1749;875;0;184
1807;3718;1749;875;0;184
1808;3717;1749;875;0;184
1809;3717;1749;876;0;184
1810;3717;1749;876;0;184
1811;3717;1749;877;0;184
1812;3717;1749;877;0;184
1813;3717;1749;878;0;184
1814;3717;1749;878;0;184
1815;3717;1749;879;0;185
1816;3717;1749;879;0;184
1817;3717;1749;880;0;184
1818;3716;1749;880;0;184
1819;3716;1749;881;0;184
1820;3716;1749;881;0;184
1821;3716;1749;882;0;184
1822;3716;1749;882;0;184
1823;3716;1749;883;0;185
1824;3716;1749;883;0;184
1825;3716;1749;884;0;184
1826;3716;1749;884;0;185
1827;3716;1749;885;0;184
1828;3716;1749;885;0;184
1829;3716;1749;886;0;184
1830;3715;1749;886;0;184
1831;3715;1749;887;0;184
1832;3715;1749;887;0;184
1833;3715;1749;888;0;184
1834;3715;1749;888;0;184
1835;3715;1749;889;0;184
1836;3715;1749;889;0;184
1837;3715;1749;890;0;184
1838;3715;1749;890;0;184
1839;3715;1749;891;0;184
1840;3715;1749;891;0;183
1841;3715;1749;891;0;184
1842;3713;1749;892;0;184
1843;3713;1749;892;0;184
1844;3713;1749;893;0;184
1845;3713;1749;893;0;184
1846;3713;1749;894;0;185
1847;3713;1749;894;0;184
1848;3713;1749;895;0;184
1849;3713;1749;895;0;184
1850;3713;1749;896;0;184
1851;3713;1749;896;0;184
1852;3713;1749;897;0;184
1853;3712;1749;897;0;184
1854;3712;1749;898;0;184
1855;3712;1749;898;0;184
1856;3712;1749;899;0;184
1857;3712;1749;899;0;184
1858;3712;1749;900;0;184
1859;3712;1749;900;0;184
1860;3712;1749;901;0;185
1861;3712;1749;901;0;185
1862;3711;1749;902;0;184
1863;3711;1749;902;0;185
1864;3711;1749;903;0;184
1865;3711;1749;903;0;185
1866;3711;1749;904;0;184
1867;3711;1749;904;0;184
1868;3711;1749;905;0;184
1869;3711;1749;905;0;184
1870;3711;1749;906;0;184
1871;3711;1749;906;0;184
1872;3711;1749;906;0;184
1873;3711;1749;907;0;184
1874;3710;1749;907;0;184
1875;3710;1749;908;0;184
1876;3710;1749;908;0;184
1877;3710;1749;909;0;185
1878;3710;1749;909;0;184
1879;3710;1749;910;0;184
1880;3710;1749;910;0;184
1881;3710;1749;911;0;184
1882;3710;1749;911;0;184
1883;3710;1749;912;0;184
1884;3710;1749;912;0;184
1885;3709;1749;913;0;184
1886;3709;1749;913;0;184
1887;3709;1749;914;0;184
1888;3709;1749;914;0;184
1889;3709;1749;915;0;184
1890;3709;1749;915;0;184
1891;3709;1749;916;0;184
1892;3709;1749;916;0;183
1893;3709;1749;917;0;184
1894;3709;1749;917;0;184
1895;3709;1749;918;0;184
1896;3707;1749;918;0;184
1897;3707;1749;919;0;184
1898;3707;1749;919;0;184
1899;3707;1749;920;0;184
1900;3707;1749;920;0;184
1901;3707;1749;921;0;185
1902;3707;1749;921;0;184
1903;3707;1749;922;0;184
1904;3707;1749;922;0;185
1905;3707;1749;922;0;184
1906;3706;1749;923;0;184
1907;3706;1749;923;0;184
1908;3706;1749;924;0;184
1909;3706;1749;924;0;184
1910;3706;1749;925;0;184
1911;3706;1749;925;0;185
1912;3706;1749;926;0;184
1913;3706;1749;926;0;185
1914;3706;1749;927;0;184
1915;3706;1749;927;0;184
1916;3706;1749;928;0;185
1917;3706;1749;928;0;185
1918;3705;1749;929;0;184
1919;3705;1749;929;0;185
1920;3705;1749;930;0;184
1921;3705;1749;930;0;184
1922;3705;1749;931;0;184
1923;3705;1749;931;0;185
1924;3705;1749;932;0;184
1925;3705;1749;932;0;184
1926;3705;1749;933;0;184
1927;3705;1749;933;0;184
1928;3705;1749;934;0;184
1929;3705;1749;934;0;184
1930;3704;1749;935;0;184
1931;3704;1749;935;0;185
1932;3704;1749;936;0;185
1933;3704;1749;936;0;184
1934;3704;1749;937;0;184
1935;3704;1749;937;0;184
1936;3704;1749;937;0;184
1937;3704;1749;938;0;184
1938;3704;1749;938;0;184
1939;3704;1749;939;0;184
1940;3704;1749;939;0;185
1941;3702;1749;940;0;184
1942;3702;1749;940;0;184
1943;3702;1749;941;0;185
1944;3702;1749;941;0;184
1945;3702;1749;942;0;184
1946;3702;1749;942;0;184
1947;3702;1749;943;0;185
1948;3702;1749;943;0;184
1949;3702;1749;944;0;185
1950;3702;1749;944;0;184
1951;3702;1749;945;0;185
1952;3701;1749;945;0;184
1953;3701;1749;946;0;184
1954;3701;1749;946;0;184
1955;3701;1749;947;0;184
1956;3701;1749;947;0;184
1957;3701;1749;948;0;184
1958;3701;1749;948;0;184
1959;3701;1749;949;0;185
1960;3701;1749;949;0;185
1961;3700;1749;950;0;184
1962;3700;1749;950;0;185
1963;3700;1749;951;0;184
1964;3700;1749;951;0;184
1965;3700;1749;952;0;184
1966;3700;1749;952;0;184
1967;3700;1749;953;0;184
1968;3700;1749;953;0;185
1969;3700;1749;953;0;184
1970;3700;1749;954;0;185
1971;3700;1749;954;0;184
1972;3699;1749;955;0;185
1973;3700;1749;955;0;184
1974;3700;1749;956;0;184
1975;3699;1749;956;0;184
1976;3699;1749;957;0;185
1977;3699;1749;957;0;184
1978;3699;1749;958;0;185
1979;3699;1749;958;0;184
1980;3699;1749;959;0;184
1981;3699;1749;959;0;185
1982;3699;1749;960;0;184
1983;3699;1749;960;0;184
1984;3699;1749;961;0;184
1985;3699;1749;961;0;185
1986;3698;1749;962;0;184
1987;3698;1749;962;0;185
1988;3698;1749;963;0;184
1989;3698;1749;963;0;184
1990;3698;1749;964;0;184
1991;3698;1749;964;0;185
1992;3698;1749;965;0;185
1993;3698;1749;965;0;185
1994;3698;1749;966;0;185
1995;3698;1749;966;0;185
1996;3696;1749;967;0;184
1997;3696;1749;967;0;185
1998;3696;1749;968;0;184
1999;3696;1749;968;0;184
2000;3696;1749;968;0;185
2001;3696;1749;969;0;184
2002;3696;1749;969;0;184
2003;3696;1749;970;0;185
2004;3696;1749;970;0;184
2005;3696;1749;971;0;184
2006;3696;1749;971;0;184
2007;3695;1749;972;0;185
2008;3695;1749;972;0;185
2009;3695;1749;973;0;184
2010;3695;1749;973;0;185
2011;3695;1749;974;0;184
2012;3695;1749;974;0;184
2013;3695;1749;975;0;185
2014;3695;1749;975;0;185
2015;3695;1749;976;0;185
2016;3695;1749;976;0;185
2017;3695;1749;977;0;185
2018;3694;1749;977;0;184
2019;3694;1749;978;0;185
2020;3694;1749;978;0;184
2021;3694;1749;979;0;185
2022;3694;1749;979;0;185
2023;3694;1749;980;0;185
2024;3694;1749;980;0;185
2025;3694;1749;981;0;185
2026;3694;1749;981;0;185
2027;3694;1749;982;0;184
2028;3694;1749;982;0;184
2029;3693;1749;983;0;185
2030;3693;1749;983;0;185
2031;3693;1749;984;0;184
2032;3693;1749;984;0;185
2033;3693;1749;984;0;185
2034;3693;1749;985;0;185
2035;3693;1749;985;0;184
2036;3693;1749;986;0;185
2037;3693;1749;986;0;185
2038;3693;1749;987;0;185
2039;3691;1749;987;0;185
2040;3691;1749;988;0;185
2041;3691;1749;988;0;185
2042;3691;1749;989;0;184
2043;3691;1749;989;0;185
2044;3691;1749;990;0;184
2045;3691;1749;990;0;184
2046;3691;1749;991;0;185
2047;3691;1749;991;0;184
2048;3691;1749;992;0;185
2049;3691;1749;992;0;185
2050;3690;1749;993;0;184
2051;3690;1749;993;0;184
2052;3690;1749;994;0;184
2053;3690;1749;994;0;185
2054;3690;1749;995;0;184
2055;3690;1749;995;0;185
2056;3690;1749;996;0;185
2057;3690;1749;996;0;185
2058;3690;1749;997;0;184
2059;3690;1749;997;0;185
2060;3690;1749;998;0;185
2061;3690;1749;998;0;185
2062;3690;1749;999;0;184
2063;3689;1749;999;0;184
2064;3689;1749;999;0;184
2065;3689;1749;1000;0;185
2066;3689;1749;1000;0;184
2067;3689;1749;1001;0;185
2068;3689;1749;1001;0;185
2069;3689;1749;1002;0;184
2070;3689;1749;1002;0;185
2071;3689;1749;1003;0;184
2072;3689;1749;1003;0;185
2073;3688;1749;1004;0;184
2074;3688;1749;1004;0;185
2075;3688;1749;1005;0;185
2076;3688;1749;1005;0;184
2077;3688;1749;1006;0;184
2078;3688;1749;1006;0;185
2079;3688;1749;1007;0;185
2080;3688;1749;1007;0;185
2081;3688;1749;1008;0;184
2082;3688;1749;1008;0;185
2083;3688;1749;1009;0;184
2084;3687;1749;1009;0;185
2085;3687;1749;1010;0;184
2086;3687;1749;1010;0;185
2087;3687;1749;1011;0;185
2088;3687;1749;1011;0;185
2089;3687;1749;1012;0;184
2090;3687;1749;1012;0;184
2091;3687;1749;1013;0;185
2092;3687;1749;1013;0;184
2093;3687;1749;1014;0;184
2094;3687;1749;1014;0;184
2095;3687;1749;1015;0;185
2096;3687;1749;1015;0;184
2097;3685;1749;1015;0;185
2098;3685;1749;1016;0;184
2099;3685;1749;1016;0;185
2100;3685;1749;1017;0;185
2101;3685;1749;1017;0;184
2102;3685;1749;1018;0;185
2103;3685;1749;1018;0;185
2104;3685;1749;1019;0;185
2105;3685;1749;1019;0;185
2106;3684;1749;1020;0;184
2107;3684;1749;1020;0;185
2108;3684;1749;1021;0;185
2109;3684;1749;1021;0;185
2110;3684;1749;1022;0;184
2111;3684;1749;1022;0;184
2112;3684;1749;1023;0;184
2113;3684;1749;1023;0;185
2114;3684;1749;1024;0;184
2115;3684;1749;1024;0;185
2116;3684;1749;1025;0;185
2117;3683;1749;1025;0;185
2118;3683;1749;1026;0;185
2119;3683;1749;1026;0;184
2120;3683;1749;1027;0;185
2121;3683;1749;1027;0;185
2122;3683;1749;1028;0;185
2123;3683;1749;1028;0;185
2124;3683;1749;1029;0;185
2125;3683;1749;1029;0;185
2126;3683;1749;1030;0;184
2127;3683;1749;1030;0;185
2128;3682;1749;1031;0;185
2129;3682;1749;1031;0;185
2130;3682;1749;1032;0;185
2131;3682;1749;1032;0;185
2132;3682;1749;1033;0;185
2133;3682;1749;1033;0;185
2134;3682;1749;1034;0;185
2135;3682;1749;1034;0;184
2136;3682;1749;1035;0;185
2137;3682;1749;1035;0;184
2138;3682;1749;1036;0;185
2139;3682;1749;1036;0;185
2140;3682;1749;1037;0;185
2141;3680;1749;1037;0;185
2142;3680;1749;1038;0;185
2143;3680;1749;1038;0;184
2144;3680;1749;1039;0;185
2145;3680;1749;1039;0;185
2146;3680;1749;1040;0;185
2147;3680;1749;1040;0;185
2148;3680;1749;1041;0;185
2149;3680;1749;1041;0;185
2150;3679;1749;1042;0;185
2151;3680;1749;1042;0;185
2152;3679;1749;1043;0;185
2153;3679;1749;1043;0;185
2154;3679;1749;1044;0;185
2155;3679;1749;1044;0;185
2156;3679;1749;1045;0;185
2157;3679;1749;1045;0;186
2158;3679;1749;1046;0;185
2159;3679;1749;1046;0;185
2160;3679;1749;1047;0;185
2161;3678;1749;1047;0;184
2162;3678;1749;1048;0;185
2163;3678;1749;1048;0;185
2164;3678;1749;1049;0;185
2165;3678;1749;1049;0;185
2166;3678;1749;1050;0;185
2167;3678;1749;1050;0;185
2168;3678;1749;1051;0;185
2169;3678;1749;1051;0;184
2170;3678;1749;1052;0;185
2171;3678;1749;1052;0;185
2172;3678;1749;1053;0;185
2173;3677;1749;1053;0;185
2174;3677;1749;1054;0;185
2175;3677;1749;1054;0;185
2176;3677;1749;1055;0;185
2177;3677;1749;1055;0;185
2178;3677;1749;1056;0;185
2179;3677;1749;1056;0;185
2180;3677;1749;1057;0;185
2181;3677;1749;1057;0;185
2182;3677;1749;1058;0;185
2183;3676;1749;1058;0;185
2184;3676;1749;1059;0;185
2185;3676;1749;1059;0;185
2186;3676;1749;1060;0;185
2187;3676;1749;1060;0;185
2188;3676;1749;1061;0;184
2189;3676;1749;1061;0;184
2190;3676;1749;1062;0;185
2191;3676;1749;1062;0;185
2192;3676;1749;1063;0;185
2193;3676;1749;1063;0;186
2194;3674;1749;1064;0;185
2195;3674;1749;1064;0;185
2196;3674;1749;1065;0;185
2197;3674;1749;1065;0;185
2198;3674;1749;1066;0;185
2199;3674;1749;1066;0;185
2200;3674;1749;1067;0;185
2201;3674;1749;1067;0;185
2202;3674;1749;1068;0;185
2203;3674;1749;1068;0;185
2204;3673;1749;1069;0;185
2205;3673;1749;1069;0;185
2206;3673;1749;1070;0;185
2207;3673;1749;1070;0;185
2208;3673;1749;1071;0;185
2209;3673;1749;1071;0;185
2210;3673;1749;1072;0;186
2211;3673;1749;1072;0;185
2212;3673;1749;1073;0;185
2213;3673;1749;1073;0;185
2214;3673;1749;1074;0;185
2215;3673;1749;1074;0;185
2216;3672;1749;1075;0;185
2217;3672;1749;1075;0;185
2218;3672;1749;1076;0;185
2219;3672;1749;1076;0;185
2220;3672;1749;1077;0;186
2221;3672;1749;1077;0;185
2222;3672;1749;1078;0;185
2223;3672;1749;1078;0;185
2224;3672;1749;1079;0;185
2225;3672;1749;1079;0;185
2226;3671;1749;1080;0;185
2227;3671;1749;1080;0;185
2228;3671;1749;1081;0;185
2229;3671;1749;1081;0;185
2230;3671;1749;1082;0;186
2231;3671;1749;1082;0;185
2232;3671;1749;1083;0;185
2233;3671;1749;1083;0;185
2234;3671;1749;1084;0;185
2235;3669;1749;1084;0;185
2236;3671;1749;1085;0;185
2237;3669;1749;1085;0;185
2238;3669;1749;1086;0;185
2239;3669;1749;1086;0;185
2240;3669;1749;1087;0;185
2241;3669;1749;1087;0;186
2242;3669;1749;1088;0;185
2243;3669;1749;1088;0;185
2244;3669;1749;1089;0;185
2245;3669;1749;1089;0;185
2246;3669;1749;1090;0;185
2247;3668;1749;1090;0;186
2248;3668;1749;1091;0;185
2249;3668;1749;1091;0;185
2250;3668;1749;1092;0;185
2251;3668;1749;1092;0;185
2252;3668;1749;1093;0;184
2253;3668;1749;1093;0;185
2254;3668;1749;1094;0;185
2255;3668;1749;1094;0;185
2256;3668;1749;1095;0;185
2257;3667;1749;1095;0;186
2258;3667;1749;1096;0;185
2259;3667;1749;1096;0;185
2260;3667;1749;1097;0;185
2261;3667;1749;1097;0;186
2262;3667;1749;1098;0;185
2263;3667;1749;1098;0;185
2264;3667;1749;1099;0;185
2265;3667;1749;1099;0;185
2266;3667;1749;1100;0;185
2267;3667;1749;1100;0;186
2268;3666;1749;1101;0;185
2269;3666;1749;1101;0;185
2270;3666;1749;1102;0;186
2271;3666;1749;1102;0;186
2272;3666;1749;1103;0;185
2273;3666;1749;1103;0;184
2274;3666;1749;1104;0;185
2275;3666;1749;1104;0;185
2276;3666;1749;1105;0;186
2277;3666;1749;1105;0;185
2278;3666;1749;1106;0;185
2279;3665;1749;1106;0;185
2280;3665;1749;1107;0;186
2281;3665;1749;1107;0;185
2282;3665;1749;1108;0;185
2283;3665;1749;1108;0;185
2284;3665;1749;1109;0;185
2285;3665;1749;1109;0;186
2286;3665;1749;1110;0;185
2287;3665;1749;1110;0;185
2288;3663;1749;1111;0;185
2289;3665;1749;1111;0;185
2290;3663;1749;1112;0;185
2291;3663;1749;1112;0;185
2292;3663;1749;1113;0;185
2293;3663;1749;1113;0;185
2294;3663;1749;1114;0;186
2295;3663;1749;1114;0;185
2296;3663;1749;1115;0;185
2297;3663;1749;1115;0;185
2298;3663;1749;1116;0;185
2299;3662;1749;1116;0;185
2300;3662;1749;1117;0;186
2301;3662;1749;1117;0;185
2302;3662;1749;1118;0;185
2303;3662;1749;1118;0;186
2304;3662;1749;1119;0;185
2305;3662;1749;1119;0;185
2306;3662;1749;1120;0;186
2307;3662;1749;1120;0;185
2308;3662;1749;1121;0;185
2309;3662;1749;1121;0;185
2310;3661;1749;1122;0;185
2311;3661;1749;1122;0;185
2312;3661;1749;1123;0;185
2313;3661;1749;1123;0;185
2314;3661;1749;1124;0;185
2315;3661;1749;1124;0;185
2316;3661;1749;1125;0;185
2317;3661;1749;1125;0;185
2318;3661;1749;1126;0;186
2319;3661;1749;1126;0;185
2320;3660;1749;1127;0;186
2321;3660;1749;1127;0;185
2322;3660;1749;1128;0;185
2323;3660;1749;1128;0;186
2324;3660;1749;1129;0;185
2325;3660;1749;1129;0;186
2326;3660;1749;1130;0;185
2327;3660;1749;1130;0;185
2328;3660;1749;1131;0;185
2329;3660;1749;1131;0;185
2330;3660;1749;1132;0;185
2331;3658;1749;1132;0;185
2332;3658;1749;1133;0;185
2333;3658;1749;1133;0;185
2334;3658;1749;1134;0;185
2335;3658;1749;1134;0;186
2336;3658;1749;1135;0;185
2337;3658;1749;1135;0;185
2338;3658;1749;1136;0;185
2339;3658;1749;1136;0;185
2340;3658;1749;1137;0;185
2341;3657;1749;1137;0;185
2342;3657;1749;1138;0;185
2343;3657;1749;1138;0;185
2344;3657;1749;1139;0;185
2345;3657;1749;1139;0;185
2346;3657;1749;1140;0;186
2347;3657;1749;1140;0;185
2348;3657;1749;1141;0;186
2349;3657;1749;1141;0;185
2350;3656;1749;1142;0;186
2351;3656;1749;1142;0;185
2352;3656;1749;1143;0;186
2353;3656;1749;1143;0;185
2354;3656;1749;1144;0;185
2355;3656;1749;1144;0;186
2356;3656;1749;1145;0;185
2357;3656;1749;1145;0;186
2358;3656;1749;1146;0;186
2359;3656;1749;1146;0;185
2360;3655;1749;1147;0;186
2361;3655;1749;1147;0;185
2362;3655;1749;1148;0;186
2363;3655;1749;1148;0;186
2364;3655;1749;1149;0;185
2365;3655;1749;1149;0;186
2366;3655;1749;1150;0;186
2367;3655;1749;1150;0;186
2368;3655;1749;1151;0;186
2369;3655;1749;1151;0;186
2370;3655;1749;1152;0;186
2371;3654;1749;1152;0;185
2372;3654;1749;1153;0;185
2373;3654;1749;1153;0;185
2374;3654;1749;1154;0;186
2375;3654;1749;1154;0;185
2376;3654;1749;1155;0;186
2377;3654;1749;1155;0;185
2378;3654;1749;1156;0;185
2379;3654;1749;1156;0;185
2380;3654;1749;1157;0;186
2381;3654;1749;1157;0;185
2382;3652;1749;1158;0;185
2383;3652;1749;1158;0;185
2384;3652;1749;1159;0;185
2385;3652;1749;1159;0;186
2386;3652;1749;1160;0;185
2387;3652;1749;1160;0;185
2388;3652;1749;1161;0;186
2389;3652;1749;1161;0;186
2390;3652;1749;1162;0;185
2391;3652;1749;1162;0;186
2392;3651;1749;1163;0;186
2393;3651;1749;1163;0;186
2394;3651;1749;1164;0;186
2395;3651;1749;1164;0;185
2396;3651;1749;1165;0;185
2397;3651;1749;1165;0;185
2398;3651;1749;1166;0;185
2399;3651;1749;1166;0;185
2400;3650;1749;1167;0;186
2401;3650;1749;1167;0;186
2402;3650;1749;1168;0;186
2403;3650;1749;1168;0;185
2404;3650;1749;1169;0;185
2405;3650;1749;1169;0;186
2406;3650;1749;1170;0;185
2407;3650;1749;1170;0;186
2408;3650;1749;1171;0;186
2409;3650;1749;1171;0;185
2410;3650;1749;1172;0;185
2411;3649;1749;1172;0;185
2412;3649;1749;1173;0;186
2413;3649;1749;1173;0;186
2414;3649;1749;1174;0;185
2415;3649;1749;1174;0;185
2416;3649;1749;1175;0;186
2417;3649;1749;1175;0;186
2418;3649;1749;1176;0;185
2419;3649;1749;1176;0;186
2420;3647;1749;1177;0;185
2421;3649;1749;1177;0;186
2422;3647;1749;1178;0;185
2423;3647;1749;1178;0;185
2424;3647;1749;1179;0;185
2425;3647;1749;1179;0;185
2426;3647;1749;1180;0;185
2427;3647;1749;1180;0;185
2428;3647;1749;1181;0;185
2429;3647;1749;1181;0;185
2430;3646;1749;1182;0;186
2431;3646;1749;1182;0;186
2432;3646;1749;1183;0;185
2433;3646;1749;1183;0;185
2434;3646;1749;1184;0;186
2435;3646;1749;1184;0;186
2436;3646;1749;1185;0;185
2437;3646;1749;1185;0;186
2438;3646;1749;1186;0;185
2439;3646;1749;1186;0;185
2440;3646;1749;1187;0;185
2441;3645;1749;1187;0;186
2442;3645;1749;1188;0;186
2443;3645;1749;1188;0;185
2444;3645;1749;1189;0;185
2445;3645;1749;1189;0;186
2446;3645;1749;1190;0;185
2447;3645;1749;1190;0;185
2448;3645;1749;1191;0;185
2449;3645;1749;1191;0;186
2450;3645;1749;1192;0;186
2451;3644;1749;1192;0;186
2452;3645;1749;1193;0;185
2453;3644;1749;1193;0;185
2454;3644;1749;1194;0;186
2455;3644;1749;1194;0;185
2456;3644;1749;1195;0;186
2457;3644;1749;1195;0;186
2458;3644;1749;1196;0;186
2459;3644;1749;1196;0;186
2460;3644;1749;1197;0;186
2461;3643;1749;1197;0;185
2462;3643;1749;1198;0;186
2463;3643;1749;1198;0;186
2464;3643;1749;1199;0;186
2465;3643;1749;1199;0;186
2466;3643;1749;1200;0;186
2467;3643;1749;1200;0;186
2468;3643;1749;1201;0;186
2469;3641;1749;1201;0;186
2470;3641;1749;1202;0;186
2471;3641;1749;1202;0;185
2472;3641;1749;1203;0;185
2473;3641;1749;1203;0;185
2474;3641;1749;1204;0;185
2475;3641;1749;1204;0;186
2476;3641;1749;1205;0;185
2477;3641;1749;1205;0;186
2478;3641;1749;1206;0;185
2479;3641;1749;1206;0;185
2480;3640;1749;1207;0;186
2481;3640;1749;1207;0;186
2482;3640;1749;1208;0;186
2483;3640;1749;1208;0;185
2484;3640;1749;1209;0;186
2485;3640;1749;1209;0;186
2486;3640;1749;1210;0;186
2487;3640;1749;1210;0;186
2488;3640;1749;1211;0;186
2489;3640;1749;1211;0;186
2490;3639;1749;1212;0;185
2491;3639;1749;1212;0;186
2492;3639;1749;1213;0;186
2493;3639;1749;1213;0;185
2494;3639;1749;1214;0;185
2495;3639;1749;1214;0;185
2496;3639;1749;1215;0;186
2497;3639;1749;1215;0;186
2498;3639;1749;1216;0;186
2499;3639;1749;1216;0;186
2500;3638;1749;1217;0;185
2501;3638;1749;1217;0;186
2502;3638;1749;1218;0;186
2503;3638;1749;1218;0;185
2504;3638;1749;1219;0;186
2505;3638;1749;1219;0;186
2506;3638;1749;1220;0;186
2507;3638;1749;1220;0;186
2508;3638;1749;1221;0;186
2509;3638;1749;1221;0;186
2510;3638;1749;1222;0;186
2511;3637;1749;1222;0;186
2512;3637;1749;1223;0;186
2513;3637;1749;1223;0;186
2514;3637;1749;1224;0;186
2515;3637;1749;1224;0;186
2516;3637;1749;1225;0;186
2517;3637;1749;1225;0;186
2518;3637;1749;1226;0;186
2519;3637;1749;1226;0;186
2520;3635;1749;1227;0;186
2521;3635;1749;1227;0;185
2522;3635;1749;1228;0;186
2523;3635;1749;1228;0;186
2524;3635;1749;1229;0;186
2525;3635;1749;1229;0;186
2526;3635;1749;1230;0;186
2527;3635;1749;1230;0;186
2528;3635;1749;1231;0;186
2529;3635;1749;1231;0;186
2530;3634;1749;1232;0;185
2531;3634;1749;1232;0;186
2532;3634;1749;1233;0;186
2533;3634;1749;1233;0;186
2534;3634;1749;1234;0;186
2535;3634;1749;1234;0;186
2536;3634;1749;1235;0;185
2537;3634;1749;1235;0;186
2538;3634;1749;1236;0;186
2539;3634;1749;1236;0;186
2540;3633;1749;1237;0;186
2541;3633;1749;1237;0;186
2542;3633;1749;1238;0;186
2543;3633;1749;1238;0;186
2544;3633;1749;1239;0;186
2545;3633;1749;1239;0;186
2546;3633;1749;1240;0;186
2547;3633;1749;1240;0;186
2548;3632;1749;1241;0;186
2549;3632;1749;1241;0;186
2550;3632;1749;1242;0;186
2551;3632;1749;1242;0;185
2552;3632;1749;1243;0;186
2553;3632;1749;1243;0;186
2554;3632;1749;1244;0;186
2555;3632;1749;1244;0;186
2556;3632;1749;1245;0;186
2557;3630;1749;1245;0;186
2558;3630;1749;1246;0;186
2559;3630;1749;1246;0;186
2560;3630;1749;1247;0;186
2561;3630;1749;1247;0;186
2562;3630;1749;1248;0;186
2563;3630;1749;1248;0;186
2564;3630;1749;1249;0;186
2565;3630;1749;1249;0;186
2566;3630;1749;1250;0;186
2567;3630;1749;1250;0;186
2568;3629;1749;1251;0;186
2569;3629;1749;1251;0;185
2570;3629;1749;1252;0;186
2571;3629;1749;1252;0;185
2572;3629;1749;1253;0;186
2573;3629;1749;1253;0;186
2574;3629;1749;1254;0;186
2575;3629;1749;1254;0;186
2576;3629;1749;1255;0;186
2577;3629;1749;1255;0;185
2578;3629;1749;1256;0;186
2579;3628;1749;1256;0;185
2580;3628;1749;1257;0;186
2581;3628;1749;1257;0;186
2582;3628;1749;1258;0;186
2583;3628;1749;1258;0;186
2584;3628;1749;1259;0;186
2585;3628;1749;1259;0;186
2586;3628;1749;1260;0;186
2587;3627;1749;1260;0;186
2588;3627;1749;1261;0;185
2589;3627;1749;1261;0;186
2590;3627;1749;1262;0;186
2591;3627;1749;1262;0;186
2592;3627;1749;1263;0;186
2593;3627;1749;1263;0;186
2594;3627;1749;1264;0;186
2595;3626;1749;1264;0;187
2596;3626;1749;1265;0;186
2597;3626;1749;1265;0;186
2598;3626;1749;1266;0;186
2599;3626;1749;1266;0;186
2600;3626;1749;1267;0;186
2601;3626;1749;1267;0;186
2602;3626;1749;1268;0;186
2603;3626;1749;1268;0;186
2604;3626;1749;1269;0;186
2605;3626;1749;1269;0;186
2606;3624;1749;1270;0;186
2607;3624;1749;1270;0;186
2608;3624;1749;1271;0;186
2609;3624;1749;1271;0;186
2610;3624;1749;1272;0;185
2611;3624;1749;1272;0;186
2612;3624;1749;1273;0;186
2613;3624;1749;1273;0;187
2614;3624;1749;1274;0;186
2615;3623;1749;1274;0;186
2616;3623;1749;1275;0;186
2617;3623;1749;1275;0;186
2618;3623;1749;1276;0;186
2619;3623;1749;1276;0;186
2620;3623;1749;1277;0;186
2621;3623;1749;1277;0;187
2622;3623;1749;1278;0;186
2623;3623;1749;1278;0;186
2624;3623;1749;1279;0;186
2625;3622;1749;1279;0;186
2626;3622;1749;1280;0;186
2627;3622;1749;1280;0;186
2628;3622;1749;1281;0;186
2629;3622;1749;1281;0;186
2630;3622;1749;1282;0;186
2631;3622;1749;1282;0;185
2632;3622;1749;1283;0;186
2633;3622;1749;1283;0;186
2634;3621;1749;1284;0;186
2635;3621;1749;1284;0;186
2636;3621;1749;1285;0;186
2637;3621;1749;1285;0;186
2638;3621;1749;1286;0;186
2639;3621;1749;1286;0;186
2640;3621;1749;1287;0;186
2641;3621;1749;1287;0;187
2642;3621;1749;1288;0;186
2643;3621;1749;1288;0;186
2644;3621;1749;1289;0;186
2645;3619;1749;1289;0;186
2646;3619;1749;1290;0;186
2647;3619;1749;1290;0;186
2648;3619;1749;1291;0;186
2649;3619;1749;1291;0;185
2650;3619;1749;1292;0;186
2651;3619;1749;1292;0;186
2652;3619;1749;1293;0;186
2653;3619;1749;1293;0;186
2654;3618;1749;1294;0;186
2655;3618;1749;1294;0;186
2656;3618;1749;1295;0;186
2657;3618;1749;1295;0;186
2658;3618;1749;1296;0;186
2659;3618;1749;1296;0;186
2660;3618;1749;1297;0;186
2661;3618;1749;1297;0;186
2662;3617;1749;1298;0;186
2663;3618;1749;1298;0;186
2664;3617;1749;1299;0;187
2665;3617;1749;1299;0;186
2666;3617;1749;1300;0;186
2667;3617;1749;1300;0;186
2668;3617;1749;1301;0;186
2669;3617;1749;1301;0;186
2670;3617;1749;1302;0;186
2671;3617;1749;1302;0;186
2672;3616;1749;1303;0;186
2673;3616;1749;1303;0;186
2674;3616;1749;1304;0;187
2675;3616;1749;1304;0;187
2676;3616;1749;1305;0;186
2677;3616;1749;1305;0;186
2678;3616;1749;1306;0;186
2679;3616;1749;1306;0;186
2680;3616;1749;1307;0;186
2681;3616;1749;1307;0;187
2682;3616;1749;1308;0;187
2683;3615;1749;1308;0;186
2684;3615;1749;1309;0;186
2685;3615;1749;1309;0;187
2686;3615;1749;1310;0;186
2687;3615;1749;1310;0;187
2688;3615;1749;1311;0;187
2689;3615;1749;1311;0;186
2690;3615;1749;1312;0;186
2691;3613;1749;1312;0;186
2692;3613;1749;1313;0;186
2693;3613;1749;1313;0;187
2694;3613;1749;1314;0;186
2695;3613;1749;1314;0;186
2696;3613;1749;1315;0;186
2697;3613;1749;1315;0;187
2698;3613;1749;1316;0;186
2699;3613;1749;1316;0;186
2700;3613;1749;1317;0;186
2701;3612;1749;1317;0;186
2702;3612;1749;1318;0;186
2703;3612;1749;1318;0;186
2704;3612;1749;1319;0;186
2705;3612;1749;1319;0;186
2706;3612;1749;1320;0;186
2707;3612;1749;1320;0;187
2708;3612;1749;1321;0;187
2709;3612;1749;1321;0;187
2710;3611;1749;1322;0;186
2711;3611;1749;1322;0;186
2712;3611;1749;1323;0;186
2713;3611;1749;1323;0;186
2714;3611;1749;1324;0;186
2715;3611;1749;1324;0;186
2716;3611;1749;1325;0;186
2717;3611;1749;1325;0;186
2718;3611;1749;1326;0;186
2719;3611;1749;1326;0;187
2720;3610;1749;1327;0;186
2721;3610;1749;1327;0;186
2722;3610;1749;1328;0;186
2723;3610;1749;1328;0;186
2724;3610;1749;1329;0;186
2725;3610;1749;1329;0;187
2726;3610;1749;1330;0;187
2727;3610;1749;1330;0;187
2728;3610;1749;1331;0;187
2729;3608;1749;1331;0;186
2730;3608;1749;1332;0;187
2731;3608;1749;1332;0;186
2732;3608;1749;1333;0;187
2733;3608;1749;1333;0;186
2734;3608;1749;1334;0;186
2735;3608;1749;1334;0;186
2736;3608;1749;1335;0;187
2737;3607;1749;1335;0;186
2738;3607;1749;1336;0;187
2739;3607;1749;1336;0;186
2740;3607;1749;1337;0;186
2741;3607;1749;1337;0;187
2742;3607;1749;1338;0;187
2743;3607;1749;1338;0;186
2744;3607;1749;1339;0;186
2745;3607;1749;1339;0;187
2746;3607;1749;1340;0;187
2747;3606;1749;1340;0;186
2748;3606;1749;1341;0;187
2749;3606;1749;1341;0;187
2750;3606;1749;1342;0;187
2751;3606;1749;1342;0;186
2752;3606;1749;1343;0;187
2753;3606;1749;1343;0;187
2754;3606;1749;1344;0;187
2755;3605;1749;1344;0;187
2756;3605;1749;1345;0;187
2757;3605;1749;1345;0;186
2758;3605;1749;1346;0;187
2759;3605;1749;1346;0;186
2760;3605;1749;1347;0;186
2761;3605;1749;1347;0;186
2762;3605;1749;1348;0;186
2763;3605;1749;1348;0;187
2764;3605;1749;1349;0;186
2765;3604;1749;1349;0;187
2766;3604;1749;1350;0;186
2767;3604;1749;1350;0;187
2768;3604;1749;1351;0;187
2769;3604;1749;1351;0;187
2770;3604;1749;1352;0;187
2771;3604;1749;1352;0;187
2772;3604;1749;1353;0;187
2773;3604;1749;1353;0;187
2774;3602;1749;1354;0;187
2775;3602;1749;1354;0;187
2776;3602;1749;1355;0;187
2777;3602;1749;1355;0;187
2778;3602;1749;1356;0;187
2779;3602;1749;1356;0;187
2780;3602;1749;1357;0;187
2781;3602;1749;1357;0;187
2782;3602;1749;1358;0;187
2783;3601;1749;1358;0;186
2784;3601;1749;1359;0;187
2785;3601;1749;1359;0;187
2786;3601;1749;1360;0;187
2787;3601;1749;1360;0;187
2788;3601;1749;1361;0;187
2789;3601;1749;1361;0;187
2790;3601;1749;1362;0;186
2791;3600;1749;1362;0;187
2792;3600;1749;1363;0;187
2793;3600;1749;1363;0;187
2794;3600;1749;1364;0;186
2795;3600;1749;1364;0;186
2796;3600;1749;1365;0;186
2797;3600;1749;1365;0;187
2798;3600;1749;1366;0;186
2799;3600;1749;1366;0;187
2800;3599;1749;1367;0;187
2801;3599;1749;1367;0;187
2802;3599;1749;1368;0;186
2803;3599;1749;1368;0;187
2804;3599;1749;1369;0;187
2805;3599;1749;1369;0;187
2806;3599;1749;1370;0;187
2807;3599;1749;1370;0;186
2808;3599;1749;1371;0;187
2809;3599;1749;1371;0;187
2810;3597;1749;1372;0;187
2811;3597;1749;1372;0;187
2812;3597;1749;1373;0;186
2813;3597;1749;1373;0;187
2814;3597;1749;1374;0;186
2815;3597;1749;1374;0;187
2816;3597;1749;1375;0;187
2817;3597;1749;1375;0;187
2818;3597;1749;1376;0;186
2819;3596;1749;1376;0;187
2820;3596;1749;1377;0;186
2821;3596;1749;1377;0;186
2822;3596;1749;1378;0;187
2823;3596;1749;1378;0;187
2824;3596;1749;1379;0;186
2825;3596;1749;1379;0;187
2826;3595;1749;1380;0;187
2827;3595;1749;1380;0;187
2828;3595;1749;1381;0;187
2829;3595;1749;1381;0;186
2830;3595;1749;1382;0;186
2831;3595;1749;1382;0;187
2832;3595;1749;1383;0;187
2833;3595;1749;1383;0;187
2834;3595;1749;1384;0;187
2835;3595;1749;1384;0;187
2836;3594;1749;1385;0;187
2837;3594;1749;1385;0;187
2838;3594;1749;1386;0;186
2839;3594;1749;1386;0;186
2840;3594;1749;1387;0;187
2841;3594;1749;1387;0;187
2842;3594;1749;1388;0;187
2843;3594;1749;1388;0;187
2844;3594;1749;1389;0;187
2845;3593;1749;1389;0;187
2846;3593;1749;1390;0;186
2847;3593;1749;1390;0;187
2848;3593;1749;1391;0;187
2849;3593;1749;1391;0;188
2850;3593;1749;1392;0;187
2851;3593;1749;1392;0;187
2852;3591;1749;1393;0;187
2853;3593;1749;1393;0;187
2854;3591;1749;1394;0;186
2855;3591;1749;1394;0;187
2856;3591;1749;1395;0;188
2857;3591;1749;1395;0;187
2858;3591;1749;1396;0;187
2859;3591;1749;1396;0;187
2860;3591;1749;1397;0;186
2861;3591;1749;1397;0;187
2862;3591;1749;1398;0;187
2863;3590;1749;1398;0;187
2864;3590;1749;1399;0;187
2865;3590;1749;1399;0;187
2866;3590;1749;1400;0;186
2867;3590;1749;1400;0;187
2868;3590;1749;1401;0;187
2869;3590;1749;1401;0;187
2870;3590;1749;1402;0;186
2871;3590;1749;1402;0;187
2872;3589;1749;1403;0;186
2873;3589;1749;1403;0;187
2874;3589;1749;1404;0;187
2875;3589;1749;1404;0;187
2876;3589;1749;1405;0;187
2877;3589;1749;1405;0;187
2878;3589;1749;1406;0;187
2879;3589;1749;1406;0;187
2880;3589;1749;1407;0;187
2881;3588;1749;1407;0;187
2882;3588;1749;1408;0;187
2883;3588;1749;1408;0;187
2884;3588;1749;1409;0;187
2885;3588;1749;1409;0;187
2886;3588;1749;1410;0;187
2887;3588;1749;1410;0;187
2888;3588;1749;1411;0;186
2889;3588;1749;1411;0;186
2890;3586;1749;1412;0;187
2891;3586;1749;1412;0;187
2892;3586;1749;1413;0;187
2893;3586;1749;1413;0;187
2894;3586;1749;1414;0;187
2895;3586;1749;1414;0;187
2896;3586;1749;1415;0;187
2897;3585;1749;1415;0;187
2898;3585;1749;1416;0;187
2899;3585;1749;1416;0;186
2900;3585;1749;1417;0;188
2901;3585;1749;1417;0;187
2902;3585;1749;1418;0;187
2903;3585;1749;1418;0;188
2904;3585;1749;1419;0;187
2905;3585;1749;1419;0;187
2906;3584;1749;1420;0;186
2907;3584;1749;1420;0;187
2908;3584;1749;1421;0;187
2909;3584;1749;1421;0;187
2910;3584;1749;1422;0;187
2911;3584;1749;1422;0;187
2912;3584;1749;1423;0;187
2913;3584;1749;1423;0;187
2914;3583;1749;1424;0;187
2915;3584;1749;1424;0;187
2916;3583;1749;1425;0;188
2917;3583;1749;1425;0;187
2918;3583;1749;1426;0;187
2919;3583;1749;1426;0;187
2920;3583;1749;1427;0;187
2921;3583;1749;1427;0;187
2922;3583;1749;1428;0;187
2923;3582;1749;1428;0;187
2924;3582;1749;1429;0;187
2925;3582;1749;1429;0;187
2926;3582;1749;1430;0;187
2927;3582;1749;1430;0;187
2928;3582;1749;1431;0;187
2929;3582;1749;1431;0;187
2930;3582;1749;1432;0;187
2931;3580;1749;1432;0;187
2932;3580;1749;1433;0;186
2933;3580;1749;1433;0;187
2934;3580;1749;1434;0;187
2935;3580;1749;1434;0;187
2936;3580;1749;1435;0;187
2937;3580;1749;1435;0;187
2938;3580;1749;1436;0;187
2939;3580;1749;1436;0;187
2940;3579;1749;1437;0;186
2941;3579;1749;1437;0;187
2942;3579;1749;1438;0;186
2943;3579;1749;1438;0;187
2944;3579;1749;1439;0;187
2945;3579;1749;1439;0;187
2946;3579;1749;1440;0;187
2947;3579;1749;1440;0;188
2948;3579;1749;1441;0;187
2949;3578;1749;1441;0;187
2950;3579;1749;1442;0;187
2951;3578;1749;1442;0;188
2952;3578;1749;1443;0;187
2953;3578;1749;1443;0;187
2954;3578;1749;1444;0;187
2955;3578;1749;1444;0;187
2956;3578;1749;1445;0;187
2957;3577;1749;1445;0;187
2958;3578;1749;1446;0;187
2959;3577;1749;1446;0;187
2960;3577;1749;1447;0;187
2961;3577;1749;1447;0;187
2962;3577;1749;1448;0;188
2963;3577;1749;1448;0;187
2964;3577;1749;1449;0;187
2965;3577;1749;1449;0;187
2966;3575;1749;1450;0;187
2967;3575;1749;1450;0;187
2968;3575;1749;1451;0;187
2969;3575;1749;1451;0;187
2970;3575;1749;1452;0;187
2971;3575;1749;1452;0;186
2972;3575;1749;1453;0;187
2973;3575;1749;1453;0;187
2974;3575;1749;1454;0;188
2975;3575;1749;1454;0;187
2976;3575;1749;1455;0;187
2977;3574;1749;1455;0;188
2978;3574;1749;1456;0;187
2979;3574;1749;1456;0;188
2980;3574;1749;1457;0;187
2981;3574;1749;1457;0;187
2982;3574;1749;1458;0;187
2983;3573;1749;1458;0;187
2984;3573;1749;1459;0;187
2985;3573;1749;1459;0;188
2986;3573;1749;1460;0;188
2987;3573;1749;1460;0;187
2988;3573;1749;1461;0;187
2989;3573;1749;1461;0;187
2990;3573;1749;1462;0;187
2991;3573;1749;1462;0;187
2992;3573;1749;1463;0;187
2993;3573;1749;1463;0;187
2994;3572;1749;1464;0;187
2995;3572;1749;1464;0;187
2996;3572;1749;1465;0;188
2997;3572;1749;1465;0;188
2998;3572;1749;1466;0;187
2999;3572;1749;1466;0;187
3000;3572;1749;1467;0;188
3001;3572;1749;1467;0;187
3002;3571;1749;1468;0;188
3003;3571;1749;1468;0;187
3004;3571;1749;1469;0;188
3005;3571;1749;1469;0;187
3006;3571;1749;1470;0;187
3007;3571;1749;1470;0;187
3008;3571;1749;1471;0;187
3009;3571;1749;1471;0;187
3010;3569;1749;1472;0;187
3011;3571;1749;1472;0;187
3012;3571;1749;1473;0;187
3013;3569;1749;1473;0;187
3014;3569;1749;1474;0;188
3015;3569;1749;1474;0;188
3016;3569;1749;1475;0;187
3017;3569;1749;1475;0;187
3018;3569;1749;1476;0;187
3019;3569;1749;1476;0;188
3020;3568;1749;1477;0;188
3021;3568;1749;1477;0;188
3022;3568;1749;1478;0;187
3023;3568;1749;1478;0;187
3024;3568;1749;1479;0;188
3025;3568;1749;1479;0;188
3026;3568;1749;1480;0;187
3027;3568;1749;1480;0;187
3028;3568;1749;1481;0;188
3029;3567;1749;1481;0;188
3030;3567;1749;1482;0;188
3031;3567;1749;1482;0;187
3032;3567;1749;1483;0;187
3033;3567;1749;1483;0;187
3034;3567;1749;1484;0;188
3035;3567;1749;1484;0;188
3036;3567;1749;1485;0;187
3037;3567;1749;1485;0;188
3038;3566;1749;1486;0;187
3039;3567;1749;1486;0;188
3040;3566;1749;1487;0;187
3041;3566;1749;1487;0;187
3042;3566;1749;1488;0;188
3043;3566;1749;1488;0;187
3044;3566;1749;1489;0;188
3045;3566;1749;1489;0;187
3046;3564;1749;1490;0;187
3047;3566;1749;1490;0;188
3048;3564;1749;1491;0;188
3049;3564;1749;1491;0;188
3050;3564;1749;1492;0;187
3051;3564;1749;1492;0;188
3052;3564;1749;1493;0;187
3053;3564;1749;1493;0;187
3054;3564;1749;1494;0;187
3055;3563;1749;1494;0;188
3056;3564;1749;1495;0;188
3057;3563;1749;1495;0;187
3058;3563;1749;1496;0;188
3059;3563;1749;1496;0;187
3060;3563;1749;1497;0;187
3061;3563;1749;1497;0;188
3062;3563;1749;1498;0;188
3063;3563;1749;1498;0;188
3064;3563;1749;1499;0;187
3065;3562;1749;1499;0;187
3066;3562;1749;1500;0;188
3067;3562;1749;1500;0;188
3068;3562;1749;1501;0;188
3069;3562;1749;1501;0;187
3070;3562;1749;1502;0;187
3071;3562;1749;1502;0;187
3072;3561;1749;1503;0;187
3073;3562;1749;1503;0;187
3074;3562;1749;1504;0;187
3075;3561;1749;1504;0;187
3076;3561;1749;1505;0;188
3077;3561;1749;1505;0;187
3078;3561;1749;1506;0;187
3079;3561;1749;1506;0;187
3080;3561;1749;1507;0;187
3081;3561;1749;1507;0;188
3082;3561;1749;1508;0;187
3083;3560;1749;1508;0;187
3084;3560;1749;1509;0;187
3085;3560;1749;1509;0;187
3086;3560;1749;1510;0;187
3087;3560;1749;1510;0;188
3088;3560;1749;1511;0;187
3089;3560;1749;1511;0;187
3090;3560;1749;1512;0;188
3091;3560;1749;1512;0;188
3092;3560;1749;1513;0;188
3093;3558;1749;1513;0;187
3094;3558;1749;1514;0;188
3095;3558;1749;1514;0;187
3096;3558;1749;1515;0;188
3097;3558;1749;1515;0;188
3098;3558;1749;1516;0;187
3099;3558;1749;1516;0;188
3100;3558;1749;1517;0;188
3101;3558;1749;1517;0;187
3102;3557;1749;1518;0;187
3103;3557;1749;1518;0;188
3104;3557;1749;1519;0;188
3105;3557;1749;1519;0;188
3106;3557;1749;1520;0;188
3107;3557;1749;1520;0;187
3108;3557;1749;1521;0;187
3109;3557;1749;1521;0;188
3110;3557;1749;1522;0;187
3111;3556;1749;1522;0;188
3112;3556;1749;1523;0;188
3113;3556;1749;1523;0;188
3114;3556;1749;1524;0;188
3115;3556;1749;1524;0;187
3116;3556;1749;1525;0;187
3117;3556;1749;1525;0;187
3118;3556;1749;1526;0;187
3119;3555;1749;1526;0;187
3120;3555;1749;1527;0;188
3121;3555;1749;1527;0;188
3122;3555;1749;1528;0;188
3123;3555;1749;1528;0;187
3124;3555;1749;1529;0;188
3125;3555;1749;1529;0;187
3126;3555;1749;1530;0;188
3127;3555;1749;1530;0;188
3128;3553;1749;1531;0;188
3129;3555;1749;1531;0;188
3130;3553;1749;1532;0;187
3131;3553;1749;1532;0;188
3132;3553;1749;1533;0;188
3133;3553;1749;1533;0;188
3134;3553;1749;1534;0;188
3135;3553;1749;1534;0;188
3136;3552;1749;1535;0;188
3137;3553;1749;1535;0;187
3138;3552;1749;1536;0;187
3139;3552;1749;1536;0;188
3140;3552;1749;1537;0;187
3141;3552;1749;1537;0;188
3142;3552;1749;1538;0;188
3143;3552;1749;1538;0;187
3144;3552;1749;1539;0;188
3145;3552;1749;1539;0;188
3146;3551;1749;1540;0;188
3147;3551;1749;1540;0;187
3148;3551;1749;1541;0;188
3149;3551;1749;1541;0;188
3150;3551;1749;1542;0;188
3151;3551;1749;1542;0;187
3152;3551;1749;1543;0;188
3153;3550;1749;1543;0;187
3154;3550;1749;1544;0;188
3155;3550;1749;1544;0;188
3156;3550;1749;1545;0;188
3157;3550;1749;1545;0;188
3158;3550;1749;1546;0;187
3159;3550;1749;1546;0;188
3160;3550;1749;1547;0;188
3161;3550;1749;1547;0;187
3162;3550;1749;1548;0;188
3163;3550;1749;1548;0;188
3164;3549;1749;1549;0;188
3165;3549;1749;1549;0;188
3166;3549;1749;1550;0;187
3167;3549;1749;1550;0;187
3168;3549;1749;1551;0;188
3169;3549;1749;1551;0;188
3170;3549;1749;1552;0;188
3171;3549;1749;1552;0;188
3172;3547;1749;1553;0;187
3173;3547;1749;1553;0;188
3174;3547;1749;1554;0;188
3175;3547;1749;1554;0;188
3176;3547;1749;1555;0;187
3177;3547;1749;1555;0;188
3178;3547;1749;1556;0;188
3179;3547;1749;1556;0;188
3180;3547;1749;1557;0;188
3181;3547;1749;1557;0;188
3182;3546;1749;1558;0;188
3183;3546;1749;1558;0;188
3184;3546;1749;1559;0;188
3185;3546;1749;1559;0;188
3186;3546;1749;1560;0;187
3187;3546;1749;1560;0;188
3188;3546;1749;1561;0;188
3189;3545;1749;1561;0;188
3190;3546;1749;1562;0;188
3191;3545;1749;1562;0;188
3192;3545;1749;1563;0;188
3193;3545;1749;1563;0;188
3194;3545;1749;1564;0;188
3195;3545;1749;1564;0;188
3196;3545;1749;1565;0;188
3197;3545;1749;1565;0;188
3198;3544;1749;1566;0;188
3199;3545;1749;1566;0;188
3200;3544;1749;1567;0;188
3201;3544;1749;1567;0;188
3202;3544;1749;1568;0;188
3203;3544;1749;1568;0;188
3204;3544;1749;1569;0;188
3205;3544;1749;1569;0;188
3206;3544;1749;1570;0;188
3207;3543;1749;1570;0;188
3208;3543;1749;1571;0;187
3209;3543;1749;1571;0;188
3210;3543;1749;1572;0;188
3211;3543;1749;1572;0;188
3212;3543;1749;1573;0;188
3213;3543;1749;1573;0;188
3214;3543;1749;1574;0;187
3215;3541;1749;1574;0;188
3216;3541;1749;1575;0;188
3217;3541;1749;1575;0;188
3218;3541;1749;1576;0;188
3219;3541;1749;1576;0;188
3220;3541;1749;1577;0;188
3221;3541;1749;1577;0;189
3222;3541;1749;1578;0;188
3223;3541;1749;1578;0;188
3224;3540;1749;1579;0;188
3225;3540;1749;1579;0;188
3226;3540;1749;1580;0;188
3227;3540;1749;1580;0;188
3228;3540;1749;1581;0;188
3229;3540;1749;1581;0;188
3230;3540;1749;1582;0;188
3231;3540;1749;1582;0;188
3232;3540;1749;1583;0;188
3233;3539;1749;1583;0;189
3234;3539;1749;1584;0;187
3235;3539;1749;1584;0;188
3236;3539;1749;1585;0;188
3237;3539;1749;1585;0;188
3238;3539;1749;1586;0;188
3239;3539;1749;1586;0;188
3240;3539;1749;1587;0;188
3241;3539;1749;1587;0;188
3242;3538;1749;1588;0;188
3243;3538;1749;1588;0;187
3244;3538;1749;1589;0;187
3245;3538;1749;1589;0;188
3246;3538;1749;1590;0;188
3247;3538;1749;1590;0;188
3248;3538;1749;1591;0;188
3249;3538;1749;1591;0;188
3250;3536;1749;1592;0;188
3251;3536;1749;1592;0;188
3252;3536;1749;1593;0;188
3253;3536;1749;1593;0;188
3254;3536;1749;1594;0;188
3255;3536;1749;1594;0;188
3256;3536;1749;1595;0;188
3257;3536;1749;1595;0;188
3258;3535;1749;1596;0;187
3259;3536;1749;1596;0;188
3260;3535;1749;1597;0;188
3261;3535;1749;1597;0;188
3262;3535;1749;1598;0;188
3263;3535;1749;1598;0;189
3264;3535;1749;1599;0;188
3265;3535;1749;1599;0;188
3266;3535;1749;1600;0;188
3267;3534;1749;1600;0;188
3268;3534;1749;1601;0;188
3269;3534;1749;1601;0;189
3270;3534;1749;1602;0;189
3271;3534;1749;1602;0;188
3272;3534;1749;1603;0;188
3273;3534;1749;1603;0;188
3274;3534;1749;1604;0;187
3275;3534;1749;1604;0;188
3276;3533;1749;1605;0;188
3277;3533;1749;1605;0;189
3278;3533;1749;1606;0;188
3279;3533;1749;1606;0;188
3280;3533;1749;1607;0;188
3281;3533;1749;1607;0;188
3282;3533;1749;1608;0;188
3283;3533;1749;1608;0;188
3284;3532;1749;1609;0;188
3285;3532;1749;1609;0;188
3286;3532;1749;1610;0;188
3287;3532;1749;1610;0;189
3288;3532;1749;1611;0;188
3289;3532;1749;1611;0;188
3290;3532;1749;1612;0;188
3291;3532;1749;1612;0;188
3292;3532;1749;1613;0;189
3293;3530;1749;1613;0;188
3294;3530;1749;1614;0;188
3295;3530;1749;1614;0;189
3296;3530;1749;1615;0;188
3297;3530;1749;1615;0;188
3298;3530;1749;1616;0;188
3299;3530;1749;1616;0;188
3300;3530;1749;1617;0;188
3301;3529;1749;1617;0;188
3302;3529;1749;1618;0;189
3303;3529;1749;1618;0;189
3304;3529;1749;1619;0;188
3305;3529;1749;1619;0;188
3306;3529;1749;1620;0;189
3307;3529;1749;1620;0;188
3308;3529;1749;1621;0;188
3309;3529;1749;1621;0;188
3310;3528;1749;1622;0;188
3311;3528;1749;1622;0;188
3312;3528;1749;1623;0;188
3313;3528;1749;1623;0;188
3314;3528;1749;1624;0;188
3315;3528;1749;1624;0;188
3316;3528;1749;1625;0;188
3317;3528;1749;1625;0;188
3318;3527;1749;1626;0;188
3319;3527;1749;1626;0;188
3320;3527;1749;1627;0;189
3321;3527;1749;1627;0;189
3322;3527;1749;1628;0;188
3323;3527;1749;1628;0;188
3324;3527;1749;1629;0;188
3325;3527;1749;1629;0;188
3326;3525;1749;1630;0;189
3327;3525;1749;1630;0;188
3328;3525;1749;1631;0;188
3329;3525;1749;1631;0;189
3330;3525;1749;1632;0;188
3331;3525;1749;1632;0;189
3332;3525;1749;1633;0;188
3333;3525;1749;1633;0;188
3334;3525;1749;1634;0;188
3335;3525;1749;1634;0;188
3336;3524;1749;1635;0;189
3337;3524;1749;1635;0;189
3338;3524;1749;1636;0;188
3339;3524;1749;1636;0;188
3340;3524;1749;1637;0;188
3341;3524;1749;1637;0;188
3342;3524;1749;1638;0;189
3343;3524;1749;1638;0;188
3344;3523;1749;1639;0;188
3345;3523;1749;1639;0;189
3346;3523;1749;1640;0;189
3347;3523;1749;1640;0;188
3348;3523;1749;1641;0;188
3349;3523;1749;1641;0;188
3350;3523;1749;1642;0;188
3351;3523;1749;1642;0;188
3352;3523;1749;1643;0;188
3353;3522;1749;1643;0;188
3354;3522;1749;1644;0;189
3355;3522;1749;1644;0;188
3356;3522;1749;1645;0;188
3357;3522;1749;1645;0;188
3358;3522;1749;1646;0;189
3359;3522;1749;1646;0;189
3360;3522;1749;1647;0;188
3361;3521;1749;1647;0;188
3362;3521;1749;1648;0;188
3363;3521;1749;1648;0;188
3364;3521;1749;1649;0;189
3365;3521;1749;1649;0;188
3366;3521;1749;1650;0;188
3367;3521;1749;1650;0;189
3368;3521;1749;1651;0;189
3369;3521;1749;1651;0;188
3370;3519;1749;1652;0;189
3371;3519;1749;1652;0;188
3372;3519;1749;1653;0;188
3373;3519;1749;1653;0;189
3374;3519;1749;1654;0;188
3375;3519;1749;1654;0;189
3376;3519;1749;1655;0;188
3377;3519;1749;1655;0;188
3378;3518;1749;1656;0;188
3379;3518;1749;1656;0;188
3380;3518;1749;1657;0;188
3381;3518;1749;1657;0;189
3382;3518;1749;1658;0;188
3383;3518;1749;1658;0;189
3384;3518;1749;1659;0;189
3385;3518;1749;1659;0;188
3386;3518;1749;1660;0;188
3387;3517;1749;1660;0;188
3388;3517;1749;1661;0;188
3389;3518;1749;1661;0;188
3390;3517;1749;1662;0;189
3391;3517;1749;1662;0;189
3392;3517;1749;1663;0;188
3393;3517;1749;1663;0;189
3394;3517;1749;1664;0;188
3395;3516;1749;1664;0;189
3396;3516;1749;1665;0;188
3397;3516;1749;1665;0;188
3398;3516;1749;1666;0;188
3399;3516;1749;1666;0;188
3400;3516;1749;1667;0;189
3401;3516;1749;1667;0;189
3402;3516;1749;1668;0;189
3403;3516;1749;1668;0;188
3404;3514;1749;1669;0;188
3405;3514;1749;1669;0;189
3406;3514;1749;1670;0;189
3407;3514;1749;1670;0;189
3408;3514;1749;1671;0;189
3409;3514;1749;1671;0;189
3410;3514;1749;1672;0;188
3411;3514;1749;1672;0;188
3412;3514;1749;1673;0;189
3413;3513;1749;1673;0;188
3414;3513;1749;1674;0;188
3415;3513;1749;1674;0;189
3416;3513;1749;1675;0;189
3417;3513;1749;1675;0;189
3418;3513;1749;1676;0;189
3419;3513;1749;1676;0;189
3420;3513;1749;1677;0;188
3421;3513;1749;1677;0;189
3422;3512;1749;1678;0;189
3423;3512;1749;1678;0;189
3424;3512;1749;1679;0;189
3425;3512;1749;1679;0;189
3426;3512;1749;1680;0;189
3427;3512;1749;1680;0;188
3428;3512;1749;1681;0;189
3429;3512;1749;1681;0;189
3430;3512;1749;1682;0;188
3431;3511;1749;1682;0;188
3432;3511;1749;1683;0;189
3433;3511;1749;1683;0;189
3434;3511;1749;1684;0;188
3435;3511;1749;1684;0;189
3436;3511;1749;1685;0;188
3437;3511;1749;1685;0;189
3438;3511;1749;1686;0;188
3439;3510;1749;1686;0;188
3440;3510;1749;1687;0;188
3441;3510;1749;1687;0;189
3442;3510;1749;1688;0;188
3443;3510;1749;1688;0;189
3444;3510;1749;1689;0;188
3445;3510;1749;1689;0;188
3446;3510;1749;1690;0;189
3447;3510;1749;1690;0;188
3448;3510;1749;1691;0;189
3449;3508;1749;1691;0;189
3450;3508;1749;1692;0;189
3451;3508;1749;1692;0;188
3452;3508;1749;1693;0;189
3453;3508;1749;1693;0;188
3454;3508;1749;1694;0;189
3455;3508;1749;1694;0;189
3456;3507;1749;1695;0;188
3457;3507;1749;1695;0;189
3458;3507;1749;1696;0;189
3459;3507;1749;1696;0;189
3460;3507;1749;1697;0;189
3461;3507;1749;1697;0;189
3462;3507;1749;1698;0;188
3463;3506;1749;1698;0;188
3464;3506;1749;1699;0;188
3465;3506;1749;1699;0;189
3466;3506;1749;1700;0;189
3467;3506;1749;1700;0;189
3468;3506;1749;1701;0;188
3469;3506;1749;1701;0;189
3470;3506;1749;1702;0;189
3471;3506;1749;1702;0;190
3472;3506;1749;1703;0;189
3473;3505;1749;1703;0;189
3474;3505;1749;1704;0;189
3475;3505;1749;1704;0;188
3476;3505;1749;1705;0;189
3477;3505;1749;1705;0;189
3478;3505;1749;1706;0;189
3479;3505;1749;1706;0;189
3480;3505;1749;1707;0;189
3481;3503;1749;1707;0;188
3482;3505;1749;1708;0;188
3483;3503;1749;1708;0;189
3484;3503;1749;1709;0;188
3485;3503;1749;1709;0;188
3486;3503;1749;1710;0;189
3487;3503;1749;1710;0;188
3488;3503;1749;1711;0;189
3489;3503;1749;1711;0;189
3490;3503;1749;1712;0;189
3491;3502;1749;1712;0;189
3492;3503;1749;1713;0;189
3493;3502;1749;1713;0;189
3494;3502;1749;1714;0;189
3495;3502;1749;1714;0;189
3496;3502;1749;1715;0;189
3497;3502;1749;1715;0;189
3498;3502;1749;1716;0;189
3499;3501;1749;1716;0;189
3500;3501;1749;1717;0;189
3501;3501;1749;1717;0;189
3502;3501;1749;1718;0;188
3503;3501;1749;1718;0;189
3504;3501;1749;1719;0;188
3505;3501;1749;1719;0;189
3506;3501;1749;1720;0;189
3507;3501;1749;1720;0;189
3508;3501;1749;1721;0;189
3509;3501;1749;1721;0;189
3510;3500;1749;1722;0;189
3511;3500;1749;1722;0;189
3512;3500;1749;1723;0;189
3513;3500;1749;1723;0;189
3514;3500;1749;1724;0;189
3515;3500;1749;1724;0;189
3516;3500;1749;1725;0;189
3517;3500;1749;1725;0;189
3518;3499;1749;1726;0;189
3519;3499;1749;1726;0;189
3520;3499;1749;1727;0;190
3521;3499;1749;1727;0;189
3522;3499;1749;1728;0;189
3523;3499;1749;1728;0;189
3524;3499;1749;1729;0;189
3525;3499;1749;1729;0;189
3526;3497;1749;1730;0;189
3527;3497;1749;1730;0;189
3528;3497;1749;1731;0;189
3529;3497;1749;1731;0;189
3530;3497;1749;1732;0;189
3531;3497;1749;1732;0;189
3532;3497;1749;1733;0;189
3533;3497;1749;1733;0;189
3534;3496;1749;1734;0;189
3535;3497;1749;1734;0;189
3536;3497;1749;1735;0;189
3537;3496;1749;1735;0;189
3538;3496;1749;1736;0;189
3539;3496;1749;1736;0;188
3540;3496;1749;1737;0;189
3541;3496;1749;1737;0;189
3542;3496;1749;1738;0;189
3543;3495;1749;1738;0;189
3544;3496;1749;1739;0;189
3545;3495;1749;1739;0;188
3546;3495;1749;1740;0;189
3547;3495;1749;1740;0;189
3548;3495;1749;1741;0;190
3549;3495;1749;1741;0;189
3550;3495;1749;1742;0;190
3551;3495;1749;1742;0;190
3552;3495;1749;1743;0;189
3553;3494;1749;1743;0;189
3554;3494;1749;1744;0;189
3555;3494;1749;1744;0;189
3556;3494;1749;1745;0;189
3557;3494;1749;1745;0;190
3558;3494;1749;1746;0;189
3559;3494;1749;1746;0;189
3560;3494;1749;1747;0;189
3561;3494;1749;1747;0;189
3562;3492;1749;1748;0;189
3563;3492;1749;1748;0;189
3564;3492;1749;1749;0;189
3565;3492;1749;1749;0;189
